university,universityLabel,totalStudents,undergradStudents,postgradStudents
http://www.wikidata.org/entity/Q39920,Университет имени Ким Ир Сена,10000,,
http://www.wikidata.org/entity/Q114892,Университет Нагасаки,9090,,
http://www.wikidata.org/entity/Q127745,Евразийский национальный университет имени Л. Н. Гумилёва,11300,,
http://www.wikidata.org/entity/Q115220,Университет Хиросимы,15505,,
http://www.wikidata.org/entity/Q129421,Калифорнийский университет в Дейвисе,36959,,
http://www.wikidata.org/entity/Q23977,Харьковский государственный университет питания и торговли,5518,,
http://www.wikidata.org/entity/Q23985,Хмельницкий национальный университет,7170,,
http://www.wikidata.org/entity/Q49089,Мэрилендский университет Восточного побережья,2384,,
http://www.wikidata.org/entity/Q75478,Политехнический институт Нью-Йоркского университета,2800,,
http://www.wikidata.org/entity/Q75639,National University of East Timor,10454,,
http://www.wikidata.org/entity/Q31519,Карлов университет,49508,,
http://www.wikidata.org/entity/Q24399,Университет Сент-Джозефа,2305,,
http://www.wikidata.org/entity/Q56826,Харьковский национальный автомобильно-дорожный университет,10000,,
http://www.wikidata.org/entity/Q56860,Академия просвещения университета Витовта Великого,12500,,
http://www.wikidata.org/entity/Q116485,University of Louisiana at Lafayette,13371,,
http://www.wikidata.org/entity/Q116485,University of Louisiana at Lafayette,17075,,
http://www.wikidata.org/entity/Q43402,National Formosa University,9146,,
http://www.wikidata.org/entity/Q43659,Волынский национальный университет имени Леси Украинки,13500,,
http://www.wikidata.org/entity/Q32287,Чартерокский колледж,1634,,
http://www.wikidata.org/entity/Q12432,Мичиганский технологический университет,7074,,
http://www.wikidata.org/entity/Q85449,Киевский политехнический институт,25000,,
http://www.wikidata.org/entity/Q15142,Массачусетский университет в Амхерсте,31350,,
http://www.wikidata.org/entity/Q15142,Массачусетский университет в Амхерсте,24209,,
http://www.wikidata.org/entity/Q93435,Буковинский государственный медицинский университет,5000,,
http://www.wikidata.org/entity/Q93662,St. Bonaventure University,2540,,
http://www.wikidata.org/entity/Q93662,St. Bonaventure University,2408,,
http://www.wikidata.org/entity/Q94192,Национальная металлургическая академия Украины,15000,,
http://www.wikidata.org/entity/Q94279,Университет Юго-Восточной Аляски,2070,,
http://www.wikidata.org/entity/Q15570,Китайский университет Гонконга,19861,,
http://www.wikidata.org/entity/Q94469,"The State Institution ""South Ukrainian National Pedagogical University named after K. D. Ushynsky""",6263,,
http://www.wikidata.org/entity/Q49041,Университет Аллена,705,,
http://www.wikidata.org/entity/Q27265,Зальцбургский университет,17969,,
http://www.wikidata.org/entity/Q49119,Брандейский университет,5800,,
http://www.wikidata.org/entity/Q49118,Бостонский колледж,14180,,
http://www.wikidata.org/entity/Q49119,Брандейский университет,5265,,
http://www.wikidata.org/entity/Q49120,Университет Тафтса,9517,,
http://www.wikidata.org/entity/Q49108,Массачусетский технологический институт,11574,,
http://www.wikidata.org/entity/Q49108,Массачусетский технологический институт,11836,,
http://www.wikidata.org/entity/Q49120,Университет Тафтса,12432,,
http://www.wikidata.org/entity/Q49118,Бостонский колледж,14395,,
http://www.wikidata.org/entity/Q49167,Уэслианский университет,3440,,
http://www.wikidata.org/entity/Q49167,Уэслианский университет,2922,,
http://www.wikidata.org/entity/Q49205,Колледж Уэллсли,2379,,
http://www.wikidata.org/entity/Q49205,Колледж Уэллсли,2392,,
http://www.wikidata.org/entity/Q49204,Колледж Смит,2475,,
http://www.wikidata.org/entity/Q49204,Колледж Смит,2496,,
http://www.wikidata.org/entity/Q49205,Колледж Уэллсли,2474,,
http://www.wikidata.org/entity/Q15144,Массачусетский университет,16259,,
http://www.wikidata.org/entity/Q28695,Хельсинкский университет,31312,,
http://www.wikidata.org/entity/Q13338,Университет Бордо I,9280,,
http://www.wikidata.org/entity/Q52413,Канзасский университет,24502,,
http://www.wikidata.org/entity/Q52413,Канзасский университет,26744,,
http://www.wikidata.org/entity/Q37548,Северо-Восточный университет,27133,,
http://www.wikidata.org/entity/Q37548,Северо-Восточный университет,33197,,
http://www.wikidata.org/entity/Q65379,Политехнический университет Виргинии,28470,,
http://www.wikidata.org/entity/Q29718,Университет Хайме I,14343,,
http://www.wikidata.org/entity/Q204181,Тартуский университет,13000,,
http://www.wikidata.org/entity/Q204457,Бергенский университет,16900,,
http://www.wikidata.org/entity/Q204626,Университет Хитоцубаси,6287,,
http://www.wikidata.org/entity/Q267111,Университет Ниигаты,12068,,
http://www.wikidata.org/entity/Q206702,Цюрихский университет,25732,,
http://www.wikidata.org/entity/Q270222,Университет штата Мичиган,45100,,
http://www.wikidata.org/entity/Q270222,Университет штата Мичиган,39423,,
http://www.wikidata.org/entity/Q270222,Университет штата Мичиган,45314,,
http://www.wikidata.org/entity/Q156598,Лейденский университет,33474,,
http://www.wikidata.org/entity/Q212528,Техасский университет в Тайлере,9781,,
http://www.wikidata.org/entity/Q277664,Технологический университет Тампере,7952,,
http://www.wikidata.org/entity/Q277872,Московский гуманитарный университет,4500,,
http://www.wikidata.org/entity/Q161562,Калифорнийский технологический институт,2238,,
http://www.wikidata.org/entity/Q161562,Калифорнийский технологический институт,2397,,
http://www.wikidata.org/entity/Q214341,Амстердамский университет,41000,,
http://www.wikidata.org/entity/Q280824,Технический университет Эйндховена,11000,,
http://www.wikidata.org/entity/Q280824,Технический университет Эйндховена,13069,,
http://www.wikidata.org/entity/Q165980,Венский университет,93628,,
http://www.wikidata.org/entity/Q217439,Гавайский университет,48373,,
http://www.wikidata.org/entity/Q284508,Friends University,1302,,
http://www.wikidata.org/entity/Q284508,Friends University,1671,,
http://www.wikidata.org/entity/Q219564,Каролинский институт,6000,,
http://www.wikidata.org/entity/Q219564,Каролинский институт,8070,,
http://www.wikidata.org/entity/Q168751,Университет Дьюка,14832,,
http://www.wikidata.org/entity/Q168751,Университет Дьюка,18003,,
http://www.wikidata.org/entity/Q170027,Лондонский университет,45500,,
http://www.wikidata.org/entity/Q222450,Цюрихский университет искусств,2186,,
http://www.wikidata.org/entity/Q222738,Национальный автономный университет Мексики,360883,,
http://www.wikidata.org/entity/Q171249,Национальный аэрокосмический университет «Харьковский авиационный институт»,11000,,
http://www.wikidata.org/entity/Q172430,Новоорлеанский университет Лойолы,4065,,
http://www.wikidata.org/entity/Q172430,Новоорлеанский университет Лойолы,4497,,
http://www.wikidata.org/entity/Q174158,Еврейский университет в Иерусалиме,22000,,
http://www.wikidata.org/entity/Q179640,Catholic Private University Linz,438,,
http://www.wikidata.org/entity/Q181177,Университет Кренфилда,4825,,
http://www.wikidata.org/entity/Q182973,Айовский университет,27802,,
http://www.wikidata.org/entity/Q182973,Айовский университет,30318,,
http://www.wikidata.org/entity/Q183170,Техасский университет в Сан-Антонио,34742,,
http://www.wikidata.org/entity/Q188370,Университет Маркетт,10689,,
http://www.wikidata.org/entity/Q188370,Университет Маркетт,12002,,
http://www.wikidata.org/entity/Q189022,Имперский колледж Лондона,17565,,
http://www.wikidata.org/entity/Q189441,Ягеллонский университет,33549,,
http://www.wikidata.org/entity/Q190336,Minzu University of China,15800,,
http://www.wikidata.org/entity/Q193510,Падуанский университет,75000,,
http://www.wikidata.org/entity/Q194445,Каирский университет,207853,,
http://www.wikidata.org/entity/Q195046,Вустерский политехнический институт,6920,,
http://www.wikidata.org/entity/Q195046,Вустерский политехнический институт,6421,,
http://www.wikidata.org/entity/Q197543,Чжэцзянский университет,39000,,
http://www.wikidata.org/entity/Q262617,Фуллеровская теологическая семинария,1257,,
http://www.wikidata.org/entity/Q262854,Ланкастерский университет,12000,,
http://www.wikidata.org/entity/Q498451,Северо-Западный политехнический университет,33,,
http://www.wikidata.org/entity/Q493141,Университет Ботсваны,18176,,
http://www.wikidata.org/entity/Q498401,Университет Ставангера,12000,,
http://www.wikidata.org/entity/Q500131,Университет штата Арканзас,13106,,
http://www.wikidata.org/entity/Q502352,Регентский университет,10483,,
http://www.wikidata.org/entity/Q508048,Кремсский университет повышения квалификации,8849,,
http://www.wikidata.org/entity/Q510029,Бирзейтский университет,13719,,
http://www.wikidata.org/entity/Q521612,Университет искусств Фолькванг,1506,,
http://www.wikidata.org/entity/Q525169,Шанхайский университет транспорта,46443,,
http://www.wikidata.org/entity/Q528231,Голдсмитс,8836,,
http://www.wikidata.org/entity/Q536709,Angelo State University,10775,,
http://www.wikidata.org/entity/Q538452,Университет Бабеша — Бойяи,41136,,
http://www.wikidata.org/entity/Q540231,Reichsuniversität Straßburg,902,,
http://www.wikidata.org/entity/Q540231,Reichsuniversität Straßburg,3824,,
http://www.wikidata.org/entity/Q540672,Обернский университет,25469,,
http://www.wikidata.org/entity/Q540672,Обернский университет,28249,,
http://www.wikidata.org/entity/Q541548,Университет Невшателя,4282,,
http://www.wikidata.org/entity/Q542498,Ave Maria University,600,,
http://www.wikidata.org/entity/Q545540,Аньхойский университет,26690,,
http://www.wikidata.org/entity/Q546976,Университет Суррея,15705,,
http://www.wikidata.org/entity/Q547867,Афинский университет,70461,,
http://www.wikidata.org/entity/Q556098,Университет Пейс (Нью-Йорк),11147,,
http://www.wikidata.org/entity/Q556098,Университет Пейс (Нью-Йорк),12835,,
http://www.wikidata.org/entity/Q558922,Университет штата Иллинойс,20720,,
http://www.wikidata.org/entity/Q572430,Capella University,38930,,
http://www.wikidata.org/entity/Q366071,Зеленогурский Университет,18000,,
http://www.wikidata.org/entity/Q367774,Баптистский университет Оклахомы,1763,,
http://www.wikidata.org/entity/Q371522,Гётеборгский университет,37000,,
http://www.wikidata.org/entity/Q371522,Гётеборгский университет,36003,,
http://www.wikidata.org/entity/Q640652,Университет Оклахомы,27772,,
http://www.wikidata.org/entity/Q642310,Shih Chien University,10280,,
http://www.wikidata.org/entity/Q377757,Университет Родса,8200,,
http://www.wikidata.org/entity/Q390087,Xavier University of Louisiana,4121,,
http://www.wikidata.org/entity/Q391028,Университет Британской Колумбии,71201,,
http://www.wikidata.org/entity/Q392667,Университет Уэйк-Форест,8400,,
http://www.wikidata.org/entity/Q392774,Университет мира,124,,
http://www.wikidata.org/entity/Q392667,Университет Уэйк-Форест,8789,,
http://www.wikidata.org/entity/Q402829,Свято-Владимирская духовная семинария,79,,
http://www.wikidata.org/entity/Q405304,Nayoro City University,778,,
http://www.wikidata.org/entity/Q307065,Абхазский государственный университет,3000,,
http://www.wikidata.org/entity/Q308329,Université Abdou Moumouni,20400,,
http://www.wikidata.org/entity/Q413829,Академия физического воспитания имени Юзефа Пилсудского в Варшаве,5000,,
http://www.wikidata.org/entity/Q414219,Венская академия изобразительных искусств,1494,,
http://www.wikidata.org/entity/Q414219,Венская академия изобразительных искусств,1613,,
http://www.wikidata.org/entity/Q310564,Университет Аль-Кудс,13000,,
http://www.wikidata.org/entity/Q314536,Норвежский университет естественных и технических наук,44000,,
http://www.wikidata.org/entity/Q314536,Норвежский университет естественных и технических наук,42031,,
http://www.wikidata.org/entity/Q315658,Вроцлавский университет,20158,,
http://www.wikidata.org/entity/Q315658,Вроцлавский университет,21129,,
http://www.wikidata.org/entity/Q315658,Вроцлавский университет,21819,,
http://www.wikidata.org/entity/Q315658,Вроцлавский университет,22978,,
http://www.wikidata.org/entity/Q315658,Вроцлавский университет,23297,,
http://www.wikidata.org/entity/Q315658,Вроцлавский университет,24658,,
http://www.wikidata.org/entity/Q315658,Вроцлавский университет,25549,,
http://www.wikidata.org/entity/Q315658,Вроцлавский университет,25721,,
http://www.wikidata.org/entity/Q315658,Вроцлавский университет,26014,,
http://www.wikidata.org/entity/Q315658,Вроцлавский университет,26054,,
http://www.wikidata.org/entity/Q315658,Вроцлавский университет,26239,,
http://www.wikidata.org/entity/Q315658,Вроцлавский университет,28557,,
http://www.wikidata.org/entity/Q315658,Вроцлавский университет,31557,,
http://www.wikidata.org/entity/Q315658,Вроцлавский университет,34621,,
http://www.wikidata.org/entity/Q315658,Вроцлавский университет,36567,,
http://www.wikidata.org/entity/Q315658,Вроцлавский университет,36874,,
http://www.wikidata.org/entity/Q315658,Вроцлавский университет,38059,,
http://www.wikidata.org/entity/Q315658,Вроцлавский университет,39061,,
http://www.wikidata.org/entity/Q315658,Вроцлавский университет,39701,,
http://www.wikidata.org/entity/Q315658,Вроцлавский университет,41447,,
http://www.wikidata.org/entity/Q315658,Вроцлавский университет,42089,,
http://www.wikidata.org/entity/Q315658,Вроцлавский университет,42868,,
http://www.wikidata.org/entity/Q327361,Schiller International University,30,,
http://www.wikidata.org/entity/Q332342,Тринити-колледж Кембриджского университета,1080,,
http://www.wikidata.org/entity/Q333705,Технион,13703,,
http://www.wikidata.org/entity/Q336264,Киотский университет,22365,,
http://www.wikidata.org/entity/Q337382,Университет Акадия,3574,,
http://www.wikidata.org/entity/Q348402,Университет им. А. Мицкевича в Познани,37013,,
http://www.wikidata.org/entity/Q351971,Adams State University,3164,,
http://www.wikidata.org/entity/Q600107,Swiss German University,1368,,
http://www.wikidata.org/entity/Q601956,Университет Ольборга,20353,,
http://www.wikidata.org/entity/Q604444,Преторийский университет,50000,,
http://www.wikidata.org/entity/Q604487,Таллинский технический университет,14151,,
http://www.wikidata.org/entity/Q605825,Воронежский государственный лесотехнический университет имени Г.Ф. Морозова,5000,,
http://www.wikidata.org/entity/Q609301,Сплитский университет,26000,,
http://www.wikidata.org/entity/Q609375,International University of Japan,327,,
http://www.wikidata.org/entity/Q615998,Университет юго-восточной Луизианы,17000,,
http://www.wikidata.org/entity/Q617446,Университет Фоджи,9500,,
http://www.wikidata.org/entity/Q622137,Лихайский университет,6798,,
http://www.wikidata.org/entity/Q622137,Лихайский университет,7067,,
http://www.wikidata.org/entity/Q622683,Грацский университет имени Карла и Франца,32230,,
http://www.wikidata.org/entity/Q623817,Korea National University of Cultural Heritage,850,,
http://www.wikidata.org/entity/Q624564,"California State University, Stanislaus",8475,,
http://www.wikidata.org/entity/Q624564,"California State University, Stanislaus",11163,,
http://www.wikidata.org/entity/Q624560,Государственный университет Гумбольдт,5285,,
http://www.wikidata.org/entity/Q624560,Государственный университет Гумбольдт,6612,,
http://www.wikidata.org/entity/Q624686,"California State University, Monterey Bay",6806,,
http://www.wikidata.org/entity/Q624686,"California State University, Monterey Bay",7409,,
http://www.wikidata.org/entity/Q624691,Университет штата Калифорния в Сан-Маркосе,13918,,
http://www.wikidata.org/entity/Q624691,Университет штата Калифорния в Сан-Маркосе,16367,,
http://www.wikidata.org/entity/Q625158,Каунасский технологический университет,10495,,
http://www.wikidata.org/entity/Q625103,Миссурийский университет в Сент-Луисе,13874,,
http://www.wikidata.org/entity/Q624959,Южный университет Джорджии,26054,,
http://www.wikidata.org/entity/Q626591,Texas Southern University,7015,,
http://www.wikidata.org/entity/Q632004,Университет Радбода,19137,,
http://www.wikidata.org/entity/Q632465,Radford University,7497,,
http://www.wikidata.org/entity/Q632465,Radford University,10695,,
http://www.wikidata.org/entity/Q632506,Norfolk State University,5016,,
http://www.wikidata.org/entity/Q632506,Norfolk State University,5457,,
http://www.wikidata.org/entity/Q632573,Южный университет Юты,12582,,
http://www.wikidata.org/entity/Q633782,Университет Пулы,3000,,
http://www.wikidata.org/entity/Q634396,McNeese State University,7284,,
http://www.wikidata.org/entity/Q634651,Texas A&M University–Corpus Christi,10820,,
http://www.wikidata.org/entity/Q634669,East Tennessee State University,13713,,
http://www.wikidata.org/entity/Q635116,Азербайджанский университет архитектуры и строительства,8500,,
http://www.wikidata.org/entity/Q624571,Sonoma State University,6630,,
http://www.wikidata.org/entity/Q624571,Sonoma State University,8018,,
http://www.wikidata.org/entity/Q620640,Appalachian State University,20023,,
http://www.wikidata.org/entity/Q579611,Хаверфордский колледж,1353,,
http://www.wikidata.org/entity/Q579611,Хаверфордский колледж,1419,,
http://www.wikidata.org/entity/Q591426,Университет штата Канзас в Форт-Хейсе,8245,,
http://www.wikidata.org/entity/Q591426,Университет штата Канзас в Форт-Хейсе,15033,,
http://www.wikidata.org/entity/Q593321,Университет Генуи,36728,,
http://www.wikidata.org/entity/Q684783,Университет Канадзавы,10127,,
http://www.wikidata.org/entity/Q677662,Краковский университет Комиссии национального образования,15000,,
http://www.wikidata.org/entity/Q648838,Университет Андорры,1741,,
http://www.wikidata.org/entity/Q649299,Университет Реджиса,6310,,
http://www.wikidata.org/entity/Q649299,Университет Реджиса,4596,,
http://www.wikidata.org/entity/Q649868,Хунаньский университет,46000,,
http://www.wikidata.org/entity/Q651133,Национальный университет Узбекистана,11000,,
http://www.wikidata.org/entity/Q651233,Осакский университет,23234,,
http://www.wikidata.org/entity/Q656871,Хартумский университет,16800,,
http://www.wikidata.org/entity/Q657222,Технологический институт Стивенса,7257,,
http://www.wikidata.org/entity/Q657222,Технологический институт Стивенса,7313,,
http://www.wikidata.org/entity/Q657374,University of Mary Washington,4180,,
http://www.wikidata.org/entity/Q657374,University of Mary Washington,4293,,
http://www.wikidata.org/entity/Q659255,University of West Florida,13061,,
http://www.wikidata.org/entity/Q659255,University of West Florida,13265,,
http://www.wikidata.org/entity/Q659706,Иллинойсский технологический институт,8565,,
http://www.wikidata.org/entity/Q662131,Hohai University,33000,,
http://www.wikidata.org/entity/Q662422,Universidad Central de Chile,11300,,
http://www.wikidata.org/entity/Q666128,Индианский государственный университет,7311,,
http://www.wikidata.org/entity/Q666128,Индианский государственный университет,10534,,
http://www.wikidata.org/entity/Q667748,Daniel Alcides Carrión National University,7416,,
http://www.wikidata.org/entity/Q667972,Международный институт управленческого развития,8900,,
http://www.wikidata.org/entity/Q670649,Иркутский государственный университет,18000,,
http://www.wikidata.org/entity/Q670897,Университет штата Аризона,42844,,
http://www.wikidata.org/entity/Q670897,Университет штата Аризона,135729,,
http://www.wikidata.org/entity/Q673111,Arkansas Tech University,10829,,
http://www.wikidata.org/entity/Q673308,Университет Люцерна,2944,,
http://www.wikidata.org/entity/Q674568,Горный университет Леобена,4032,,
http://www.wikidata.org/entity/Q676817,Университет Камерино,10000,,
http://www.wikidata.org/entity/Q677993,Университет Южной Африки,420000,,
http://www.wikidata.org/entity/Q679974,China University of Technology,5601,,
http://www.wikidata.org/entity/Q685781,Hiroshima City University,2058,,
http://www.wikidata.org/entity/Q686772,Инсбрукский медицинский университет,3607,,
http://www.wikidata.org/entity/Q689617,Университет Лугано,2862,,
http://www.wikidata.org/entity/Q690639,Альпийско-адриатический университет Клагенфурта,12721,,
http://www.wikidata.org/entity/Q691097,German University in Cairo,13000,,
http://www.wikidata.org/entity/Q691686,Женевский институт международных отношений,1141,,
http://www.wikidata.org/entity/Q693674,Университет Бентли,5177,,
http://www.wikidata.org/entity/Q697367,National University of Kaohsiung,5323,,
http://www.wikidata.org/entity/Q699543,National Taiwan University of Science and Technology,10812,,
http://www.wikidata.org/entity/Q700801,Kaohsiung Medical University,6288,,
http://www.wikidata.org/entity/Q702524,Эрфуртский университет,9,,
http://www.wikidata.org/entity/Q702524,Эрфуртский университет,146,,
http://www.wikidata.org/entity/Q702524,Эрфуртский университет,366,,
http://www.wikidata.org/entity/Q702524,Эрфуртский университет,1977,,
http://www.wikidata.org/entity/Q702524,Эрфуртский университет,1986,,
http://www.wikidata.org/entity/Q702524,Эрфуртский университет,2005,,
http://www.wikidata.org/entity/Q702524,Эрфуртский университет,2865,,
http://www.wikidata.org/entity/Q702524,Эрфуртский университет,3461,,
http://www.wikidata.org/entity/Q702524,Эрфуртский университет,3722,,
http://www.wikidata.org/entity/Q702524,Эрфуртский университет,3844,,
http://www.wikidata.org/entity/Q702524,Эрфуртский университет,3953,,
http://www.wikidata.org/entity/Q702524,Эрфуртский университет,4072,,
http://www.wikidata.org/entity/Q702524,Эрфуртский университет,4538,,
http://www.wikidata.org/entity/Q702524,Эрфуртский университет,4676,,
http://www.wikidata.org/entity/Q702524,Эрфуртский университет,5052,,
http://www.wikidata.org/entity/Q702524,Эрфуртский университет,5475,,
http://www.wikidata.org/entity/Q702524,Эрфуртский университет,5483,,
http://www.wikidata.org/entity/Q2031813,Vasile Goldiș West University,4500,,
http://www.wikidata.org/entity/Q1857773,Университет Центрального Ланкашира,28850,,
http://www.wikidata.org/entity/Q1861974,University of Cumbria,12410,,
http://www.wikidata.org/entity/Q1872239,Луизианский технический университет,11126,,
http://www.wikidata.org/entity/Q1887879,Университет Сан-Франциско,10068,,
http://www.wikidata.org/entity/Q1889100,Университет Финикса,101150,,
http://www.wikidata.org/entity/Q1932075,Midwestern State University of Texas,5860,,
http://www.wikidata.org/entity/Q1932075,Midwestern State University of Texas,7283,,
http://www.wikidata.org/entity/Q1938341,Уральский государственный технический университет,40300,,
http://www.wikidata.org/entity/Q1939221,Западный университет штата Миссури,4911,,
http://www.wikidata.org/entity/Q1940803,Средне-Шведский университет,12306,,
http://www.wikidata.org/entity/Q1946114,Middlebury Institute of International Studies at Monterey,686,,
http://www.wikidata.org/entity/Q1949773,Seton Hill University,1935,,
http://www.wikidata.org/entity/Q1960862,Восточноукраинский национальный университет,12000,,
http://www.wikidata.org/entity/Q1962291,Ереванский лингвистический университет,2908,,
http://www.wikidata.org/entity/Q1964642,Кыргызский национальный университет имени Жусупа Баласагына,22000,,
http://www.wikidata.org/entity/Q1969692,Гомельский государственный медицинский университет,3930,,
http://www.wikidata.org/entity/Q1972050,Йоханнесбургский университет,49910,,
http://www.wikidata.org/entity/Q1972721,Лулеоский технологический университет,19155,,
http://www.wikidata.org/entity/Q1973888,Западночешский университет в Пльзене,11172,,
http://www.wikidata.org/entity/Q1975956,Белорусская государственная академия искусств,1353,,
http://www.wikidata.org/entity/Q1980701,Харьковский национальный университет радиоэлектроники,8802,,
http://www.wikidata.org/entity/Q1987511,Севастопольский государственный университет,12000,,
http://www.wikidata.org/entity/Q1998811,Северо-западный университет (ЮАР),72994,,
http://www.wikidata.org/entity/Q2001231,Northwestern State University,11447,,
http://www.wikidata.org/entity/Q2000943,Северо-восточный университет Иллинойса,12227,,
http://www.wikidata.org/entity/Q2002619,Университет Ноттингем Трент,40000,,
http://www.wikidata.org/entity/Q2002420,Университет Эребру,11638,,
http://www.wikidata.org/entity/Q2004114,Российский экономический университет имени Г. В. Плеханова,16401,,
http://www.wikidata.org/entity/Q2005511,Университет Форт-Хэр,11074,,
http://www.wikidata.org/entity/Q2027201,Белорусский государственный педагогический университет,15500,,
http://www.wikidata.org/entity/Q2030894,Медицинский колледж имени Альберта Эйнштейна,1048,,
http://www.wikidata.org/entity/Q2038878,Папский Боливариансий университет,26000,,
http://www.wikidata.org/entity/Q2058345,Национальный лесотехнический университет Украины,7000,,
http://www.wikidata.org/entity/Q2065695,Солентский университет,11340,,
http://www.wikidata.org/entity/Q2082826,Ереванский государственный медицинский университет имени Мхитара Гераци,8000,,
http://www.wikidata.org/entity/Q1888661,Университет Южного Орегона,5140,,
http://www.wikidata.org/entity/Q2564975,Western Colorado University,3203,,
http://www.wikidata.org/entity/Q2563807,Грозненский государственный нефтяной технический университет имени академика М. Д. Миллионщикова,6500,,
http://www.wikidata.org/entity/Q2566683,Wheeling University,1619,,
http://www.wikidata.org/entity/Q2587376,Fresno Pacific University,3995,,
http://www.wikidata.org/entity/Q2587890,Palo Alto University,1163,,
http://www.wikidata.org/entity/Q2590529,University of Wisconsin–Stout,7970,,
http://www.wikidata.org/entity/Q2590739,University of Wisconsin–Parkside,4452,,
http://www.wikidata.org/entity/Q2592553,I-shou University,11707,,
http://www.wikidata.org/entity/Q2601879,Ирландский национальный университет в Мейнуте,12100,,
http://www.wikidata.org/entity/Q2617399,Таджикский государственный педагогический университет им. С.Айни,18000,,
http://www.wikidata.org/entity/Q2628140,Белорусский государственный экономический университет,13000,,
http://www.wikidata.org/entity/Q2638914,Брестский государственный университет имени А. С. Пушкина,5000,,
http://www.wikidata.org/entity/Q2650619,Тараклийский государственный университет,281,,
http://www.wikidata.org/entity/Q2669434,Российско-таджикский (славянский) университет,5880,,
http://www.wikidata.org/entity/Q2687532,University of Wisconsin–River Falls,5855,,
http://www.wikidata.org/entity/Q2687782,University of Wisconsin–Stevens Point,8302,,
http://www.wikidata.org/entity/Q2698482,Кальвин-колледж,3307,,
http://www.wikidata.org/entity/Q2706876,Чувашский государственный университет имени И. Н. Ульянова,16100,,
http://www.wikidata.org/entity/Q2723670,Университет Айн Шамс,220000,,
http://www.wikidata.org/entity/Q2782346,Санкт-Петербургский государственный лесотехнический университет,9350,,
http://www.wikidata.org/entity/Q2783344,Назарбаев Университет,7089,,
http://www.wikidata.org/entity/Q2822225,Университет Академии Искусств,8928,,
http://www.wikidata.org/entity/Q2620177,Колледж Святого Креста,2970,,
http://www.wikidata.org/entity/Q2620177,Колледж Святого Креста,3138,,
http://www.wikidata.org/entity/Q2564313,Чеченский государственный университет им. А.А. Кадырова,19022,,
http://www.wikidata.org/entity/Q2894666,Bellarmine University,2794,,
http://www.wikidata.org/entity/Q2894666,Bellarmine University,3293,,
http://www.wikidata.org/entity/Q2323376,Университет Святого Фомы,4140,,
http://www.wikidata.org/entity/Q2323376,Университет Святого Фомы,3713,,
http://www.wikidata.org/entity/Q2324449,Медицинский университет Семей,3685,,
http://www.wikidata.org/entity/Q2324420,Государственный университет Ильи,16601,,
http://www.wikidata.org/entity/Q2341039,Стетсонский университет,4429,,
http://www.wikidata.org/entity/Q2344683,Университет Стивена Остина,12620,,
http://www.wikidata.org/entity/Q2354119,Уральский государственный экономический университет,17200,,
http://www.wikidata.org/entity/Q2083886,Худжандский государственный университет,10500,,
http://www.wikidata.org/entity/Q2084549,Азербайджанский государственный аграрный университет,5524,,
http://www.wikidata.org/entity/Q2092392,University of Dayton,11650,,
http://www.wikidata.org/entity/Q2092392,University of Dayton,11246,,
http://www.wikidata.org/entity/Q2096138,Национальный университет Аль-Наджах,23200,,
http://www.wikidata.org/entity/Q2111097,UMIT Tirol - Private University for Health Sciences and Health Technology,1814,,
http://www.wikidata.org/entity/Q2118519,Aichi University of Education,3844,,
http://www.wikidata.org/entity/Q2119752,Урбинский университет,22000,,
http://www.wikidata.org/entity/Q2120270,Северо-западный педагогический университет,35900,,
http://www.wikidata.org/entity/Q2124886,Рузвельтский университет,4680,,
http://www.wikidata.org/entity/Q2150914,University of Hawaiʻi at Hilo,3165,,
http://www.wikidata.org/entity/Q2154182,Колумбийский врачебно-хирургический колледж,1520,,
http://www.wikidata.org/entity/Q2159219,Illinois Wesleyan University,1636,,
http://www.wikidata.org/entity/Q2159219,Illinois Wesleyan University,1653,,
http://www.wikidata.org/entity/Q2164222,Роллинс-колледж,3104,,
http://www.wikidata.org/entity/Q2165080,Санкт-Петербургский государственный экономический университет,12500,,
http://www.wikidata.org/entity/Q2166712,Rose–Hulman Institute of Technology,1990,,
http://www.wikidata.org/entity/Q2166712,Rose–Hulman Institute of Technology,2210,,
http://www.wikidata.org/entity/Q2212056,Уральский государственный университет путей сообщения,18000,,
http://www.wikidata.org/entity/Q2212976,Миннесотский университет Сент-Мейри,5152,,
http://www.wikidata.org/entity/Q2212977,Университет Святой Марии,7281,,
http://www.wikidata.org/entity/Q2261128,Университет Габриэле д’Аннунцио,24716,,
http://www.wikidata.org/entity/Q2267483,Selandia - Center for Business Education,12000,,
http://www.wikidata.org/entity/Q2281517,Сычуаньский университет,70000,,
http://www.wikidata.org/entity/Q2304477,Юго-восточный европейский университет,4000,,
http://www.wikidata.org/entity/Q718352,Chung Hua University,3922,,
http://www.wikidata.org/entity/Q724222,Азербайджанский технический университет,10000,,
http://www.wikidata.org/entity/Q724207,Азербайджанский государственный университет нефти и промышленности,10092,,
http://www.wikidata.org/entity/Q727516,Университет Квазулу-Натал,38000,,
http://www.wikidata.org/entity/Q760516,Augsburg University,2885,,
http://www.wikidata.org/entity/Q760516,Augsburg University,3785,,
http://www.wikidata.org/entity/Q734774,Сент-Луисский университет,11990,,
http://www.wikidata.org/entity/Q734774,Сент-Луисский университет,12229,,
http://www.wikidata.org/entity/Q735049,Мэрилендский университет в округе Балтимор,13991,,
http://www.wikidata.org/entity/Q736962,Kassala University,8700,,
http://www.wikidata.org/entity/Q742150,Университет Маунт-Элисон,72100,,
http://www.wikidata.org/entity/Q747053,Университет Хартфорда,4968,,
http://www.wikidata.org/entity/Q747053,Университет Хартфорда,6493,,
http://www.wikidata.org/entity/Q748106,Школа искусств Глазго,1600,,
http://www.wikidata.org/entity/Q748085,Университет Перуджи,26732,,
http://www.wikidata.org/entity/Q750639,Rush University,2816,,
http://www.wikidata.org/entity/Q751289,University of Tampa,9605,,
http://www.wikidata.org/entity/Q782116,Оклендский университет,14255,,
http://www.wikidata.org/entity/Q782116,Оклендский университет,18169,,
http://www.wikidata.org/entity/Q756126,Ближневосточный технический университет,14928,,
http://www.wikidata.org/entity/Q761534,Университет Джорджии,38920,,
http://www.wikidata.org/entity/Q761534,Университет Джорджии,40118,,
http://www.wikidata.org/entity/Q763105,International University of Novi Pazar,4000,,
http://www.wikidata.org/entity/Q770544,Крейтонский университет,8770,,
http://www.wikidata.org/entity/Q770544,Крейтонский университет,8184,,
http://www.wikidata.org/entity/Q774520,Университет Киншасы,29554,,
http://www.wikidata.org/entity/Q776223,Университет Монпелье,49000,,
http://www.wikidata.org/entity/Q781153,Государственный университет Остин Пии,10272,,
http://www.wikidata.org/entity/Q782600,Линчёпингский университет,22441,,
http://www.wikidata.org/entity/Q787388,Университет Риеки,3000,,
http://www.wikidata.org/entity/Q797514,Университет Хомса,141233,,
http://www.wikidata.org/entity/Q714891,Национальный центральный университет,10829,,
http://www.wikidata.org/entity/Q805122,Ball State University,21597,,
http://www.wikidata.org/entity/Q809106,Университет Барри,6264,,
http://www.wikidata.org/entity/Q809106,Университет Барри,7515,,
http://www.wikidata.org/entity/Q809633,Барухский колледж,16097,,
http://www.wikidata.org/entity/Q738258,Университет Майами,15241,,
http://www.wikidata.org/entity/Q738258,Университет Майами,18486,,
http://www.wikidata.org/entity/Q702524,Эрфуртский университет,6240,,
http://www.wikidata.org/entity/Q702524,Эрфуртский университет,5598,,
http://www.wikidata.org/entity/Q702524,Эрфуртский университет,5686,,
http://www.wikidata.org/entity/Q702524,Эрфуртский университет,5711,,
http://www.wikidata.org/entity/Q702524,Эрфуртский университет,5715,,
http://www.wikidata.org/entity/Q702524,Эрфуртский университет,5732,,
http://www.wikidata.org/entity/Q702524,Эрфуртский университет,5758,,
http://www.wikidata.org/entity/Q702524,Эрфуртский университет,5785,,
http://www.wikidata.org/entity/Q702524,Эрфуртский университет,5928,,
http://www.wikidata.org/entity/Q702524,Эрфуртский университет,6052,,
http://www.wikidata.org/entity/Q815268,Белорусский национальный технический университет,28000,,
http://www.wikidata.org/entity/Q815352,Университет штата Калифорния,585,,
http://www.wikidata.org/entity/Q706940,Wenzao Ursuline University of Languages,6595,,
http://www.wikidata.org/entity/Q707456,National Taipei University,7667,,
http://www.wikidata.org/entity/Q707573,National Chung Hsing University,12838,,
http://www.wikidata.org/entity/Q707653,National Chi Nan University,5887,,
http://www.wikidata.org/entity/Q4325439,Сибирский государственный университет водного транспорта,6500,,
http://www.wikidata.org/entity/Q4325460,Новосибирский государственный медицинский университет,5867,,
http://www.wikidata.org/entity/Q4327703,Ноттингемский университет в Малайзии,5000,,
http://www.wikidata.org/entity/Q4331410,Одесская национальная академия пищевых технологий,15000,,
http://www.wikidata.org/entity/Q4331448,Одесский государственный экологический университет,4500,,
http://www.wikidata.org/entity/Q4331464,Одесский национальный медицинский университет,5113,,
http://www.wikidata.org/entity/Q4331409,Одесская национальная академия связи,7395,,
http://www.wikidata.org/entity/Q4351496,Пермский государственный медицинский университет им. академика Е.А. Вагнера,3400,,
http://www.wikidata.org/entity/Q4359655,Dillard University,1215,,
http://www.wikidata.org/entity/Q4359408,Перчейз-колледж,3685,,
http://www.wikidata.org/entity/Q4366456,Поволжский государственный технологический университет,12500,,
http://www.wikidata.org/entity/Q4370825,Полтавский национальный педагогический университет имени В. Г. Короленко,8500,,
http://www.wikidata.org/entity/Q4374296,Постонский университет,13844,,
http://www.wikidata.org/entity/Q4377610,Приазовский государственный технический университет,16000,,
http://www.wikidata.org/entity/Q4378138,Приднепровская государственная академия строительства и архитектуры,10000,,
http://www.wikidata.org/entity/Q4395202,Ровенский государственный гуманитарный университет,6191,,
http://www.wikidata.org/entity/Q4397991,Всероссийский государственный университет юстиции,20000,,
http://www.wikidata.org/entity/Q4398067,Российский государственный профессионально-педагогический университет,12000,,
http://www.wikidata.org/entity/Q4398071,Российский государственный технологический университет имени К. Э. Циолковского,9500,,
http://www.wikidata.org/entity/Q4398063,Российский государственный геологоразведочный университет имени Серго Орджоникидзе,4720,,
http://www.wikidata.org/entity/Q4398106,Российский новый университет,10243,,
http://www.wikidata.org/entity/Q4398493,Ростовский государственный педагогический университет,9500,,
http://www.wikidata.org/entity/Q4400868,Оглторпский университет,1452,,
http://www.wikidata.org/entity/Q4401554,Рыбинский государственный авиационный технический университет имени П. А. Соловьёва,5149,,
http://www.wikidata.org/entity/Q4402655,Рязанский государственный университет имени С.А. Есенина,8000,,
http://www.wikidata.org/entity/Q4406337,Самаркандский государственный университет,6000,,
http://www.wikidata.org/entity/Q4407705,Санкт-Петербургский государственный университет телекоммуникаций имени проф. М. А. Бонч-Бруевича,10000,,
http://www.wikidata.org/entity/Q4411922,Севастопольский институт банковского дела,500,,
http://www.wikidata.org/entity/Q4412445,Северо-Восточный государственный университет,4100,,
http://www.wikidata.org/entity/Q4412476,Северо-Западный государственный заочный технический университет,14168,,
http://www.wikidata.org/entity/Q1796553,Pfeiffer University,1185,,
http://www.wikidata.org/entity/Q1782652,Шуменский университет,7000,,
http://www.wikidata.org/entity/Q1781094,University of Northern Iowa,10196,,
http://www.wikidata.org/entity/Q1730032,Wilberforce University,453,,
http://www.wikidata.org/entity/Q1733433,Варминско-Мазурский университет,43655,,
http://www.wikidata.org/entity/Q1736331,Томский государственный архитектурно-строительный университет,6054,,
http://www.wikidata.org/entity/Q1737734,Килский университет,10600,,
http://www.wikidata.org/entity/Q1737513,Университет Казимира Великого в Быдгоще,13989,,
http://www.wikidata.org/entity/Q1739079,Kentucky Wesleyan College,887,,
http://www.wikidata.org/entity/Q1741154,Киевский национальный университет строительства и архитектуры,10500,,
http://www.wikidata.org/entity/Q1742604,Лапландский университет,4800,,
http://www.wikidata.org/entity/Q1743431,Кыргызско-Российский Славянский университет имени Бориса Ельцина,11000,,
http://www.wikidata.org/entity/Q1751487,Южно-Российский государственный технический университет,22000,,
http://www.wikidata.org/entity/Q1752043,Университет короля Сауда,61412,,
http://www.wikidata.org/entity/Q1747601,Джэксонский университет,6921,,
http://www.wikidata.org/entity/Q1758009,Гданьский университет,25063,,
http://www.wikidata.org/entity/Q1760438,Куинс-колледж,19746,,
http://www.wikidata.org/entity/Q1752117,Sheffield Hallam University,30009,,
http://www.wikidata.org/entity/Q1769401,Норвежский институт спорта,1446,,
http://www.wikidata.org/entity/Q1771717,Портлендский государственный университет,23640,,
http://www.wikidata.org/entity/Q1779468,University of Nordland,5966,,
http://www.wikidata.org/entity/Q1781263,Университет Брешиа,16800,,
http://www.wikidata.org/entity/Q1781384,Университет Теннеси в Чаттануге,10234,,
http://www.wikidata.org/entity/Q1781384,Университет Теннеси в Чаттануге,10286,,
http://www.wikidata.org/entity/Q1781394,Техасский университет в Далласе,28669,,
http://www.wikidata.org/entity/Q1782724,University of Central Arkansas,10335,,
http://www.wikidata.org/entity/Q1782926,Констфак,734,,
http://www.wikidata.org/entity/Q1783148,University of Alabama in Huntsville,9999,,
http://www.wikidata.org/entity/Q1783191,Янгстаунский государственный университет,8673,,
http://www.wikidata.org/entity/Q1783191,Янгстаунский государственный университет,11835,,
http://www.wikidata.org/entity/Q1783603,Университет Лонг-Айленда,10854,,
http://www.wikidata.org/entity/Q1786506,Институт Архитектуры Южной Калифорнии,481,,
http://www.wikidata.org/entity/Q1790193,Брестский государственный технический университет,5400,,
http://www.wikidata.org/entity/Q1795487,Университет Дрю,2229,,
http://www.wikidata.org/entity/Q1797817,Хэмптонский университет,3196,,
http://www.wikidata.org/entity/Q1797817,Хэмптонский университет,3516,,
http://www.wikidata.org/entity/Q1798894,Polytechnic University of Puerto Rico,4112,,
http://www.wikidata.org/entity/Q1799245,Shenandoah University,3285,,
http://www.wikidata.org/entity/Q1799245,Shenandoah University,4174,,
http://www.wikidata.org/entity/Q1798612,Университет Мерсера,9006,,
http://www.wikidata.org/entity/Q1798499,Юго-восточный университет Нова,20888,,
http://www.wikidata.org/entity/Q1799642,Slippery Rock University,8860,,
http://www.wikidata.org/entity/Q1805243,Университет штата имени Алкорна,3230,,
http://www.wikidata.org/entity/Q1805085,Чепменский университет,9281,,
http://www.wikidata.org/entity/Q1805085,Чепменский университет,9761,,
http://www.wikidata.org/entity/Q1809286,Университет Лоуренса,1500,,
http://www.wikidata.org/entity/Q1809286,Университет Лоуренса,1498,,
http://www.wikidata.org/entity/Q1809949,Лаппеэнрантский технологический университет,5700,,
http://www.wikidata.org/entity/Q1811567,Southwestern Oklahoma State University,4898,,
http://www.wikidata.org/entity/Q1813761,University of the Incarnate Word,6802,,
http://www.wikidata.org/entity/Q1813761,University of the Incarnate Word,7917,,
http://www.wikidata.org/entity/Q1814758,Virginia Union University,1516,,
http://www.wikidata.org/entity/Q1815994,Папский католический университет Сан-Паулу,34000,,
http://www.wikidata.org/entity/Q1816202,Вулверхэмптонский университет,24020,,
http://www.wikidata.org/entity/Q1816872,University of Gloucestershire,8745,,
http://www.wikidata.org/entity/Q1816905,Уэльский университет в Лампетере,9150,,
http://www.wikidata.org/entity/Q1817355,Национальный университет «Львовская политехника»,30000,,
http://www.wikidata.org/entity/Q1817686,Тройский университет,29580,,
http://www.wikidata.org/entity/Q1817686,Тройский университет,10949,,
http://www.wikidata.org/entity/Q1818020,Ливерпульский университет Хоуп,7885,,
http://www.wikidata.org/entity/Q2975783,Университет Наропы,855,,
http://www.wikidata.org/entity/Q2992101,Техасский университет Конкордия,2257,,
http://www.wikidata.org/entity/Q3042433,Открытый университет Каталонии,87000,,
http://www.wikidata.org/entity/Q3047150,Университет Бедфордшира,20000,,
http://www.wikidata.org/entity/Q3052113,Авиационный университет Эмбри–Риддла,13904,,
http://www.wikidata.org/entity/Q3052113,Авиационный университет Эмбри–Риддла,17764,,
http://www.wikidata.org/entity/Q3077040,Onomichi City University,1483,,
http://www.wikidata.org/entity/Q3086568,Международный университет имени Имама Хомейни,8800,,
http://www.wikidata.org/entity/Q3113166,Аспирантский богословский союз,213,,
http://www.wikidata.org/entity/Q3113701,Педагогический университет Дзёэцу,1327,,
http://www.wikidata.org/entity/Q3113717,Технологический институт Китами,2106,,
http://www.wikidata.org/entity/Q3121493,Университет Орала Робертса,4317,,
http://www.wikidata.org/entity/Q3124195,Northeastern State University,7349,,
http://www.wikidata.org/entity/Q3133193,Университет Ровиры-и-Вирхили,11621,,
http://www.wikidata.org/entity/Q3152130,Lamar Institute of Technology,4417,,
http://www.wikidata.org/entity/Q3151770,Российский химико-технологический университет имени Д. И. Менделеева,10500,,
http://www.wikidata.org/entity/Q3152060,Парижский институт физики Земли,80,,
http://www.wikidata.org/entity/Q3152060,Парижский институт физики Земли,130,,
http://www.wikidata.org/entity/Q3152060,Парижский институт физики Земли,77,,
http://www.wikidata.org/entity/Q3152060,Парижский институт физики Земли,78,,
http://www.wikidata.org/entity/Q3152060,Парижский институт физики Земли,82,,
http://www.wikidata.org/entity/Q3152060,Парижский институт физики Земли,83,,
http://www.wikidata.org/entity/Q3152060,Парижский институт физики Земли,86,,
http://www.wikidata.org/entity/Q3152060,Парижский институт физики Земли,88,,
http://www.wikidata.org/entity/Q3152060,Парижский институт физики Земли,117,,
http://www.wikidata.org/entity/Q3152060,Парижский институт физики Земли,131,,
http://www.wikidata.org/entity/Q3152060,Парижский институт физики Земли,138,,
http://www.wikidata.org/entity/Q3152453,Национальный политехнический институт Тулузы,3175,,
http://www.wikidata.org/entity/Q2905597,Тбилисский государственный медицинский университет,5250,,
http://www.wikidata.org/entity/Q2495922,Университет Святого Томаса,3692,,
http://www.wikidata.org/entity/Q2378813,Харьковский национальный медицинский университет,6167,,
http://www.wikidata.org/entity/Q2380350,Юго-западный университет «Неофит Рильский»,91,,
http://www.wikidata.org/entity/Q2385041,Белорусская сельскохозяйственная академия,15000,,
http://www.wikidata.org/entity/Q2399264,Université de technologie de Belfort-Montbéliard,2590,,
http://www.wikidata.org/entity/Q2399264,Université de technologie de Belfort-Montbéliard,2161,,
http://www.wikidata.org/entity/Q2399264,Université de technologie de Belfort-Montbéliard,2263,,
http://www.wikidata.org/entity/Q2399264,Université de technologie de Belfort-Montbéliard,2394,,
http://www.wikidata.org/entity/Q2399264,Université de technologie de Belfort-Montbéliard,2433,,
http://www.wikidata.org/entity/Q2399264,Université de technologie de Belfort-Montbéliard,2455,,
http://www.wikidata.org/entity/Q2399264,Université de technologie de Belfort-Montbéliard,2545,,
http://www.wikidata.org/entity/Q2399264,Université de technologie de Belfort-Montbéliard,2641,,
http://www.wikidata.org/entity/Q2399264,Université de technologie de Belfort-Montbéliard,2646,,
http://www.wikidata.org/entity/Q2399264,Université de technologie de Belfort-Montbéliard,2692,,
http://www.wikidata.org/entity/Q2399264,Université de technologie de Belfort-Montbéliard,2697,,
http://www.wikidata.org/entity/Q2399264,Université de technologie de Belfort-Montbéliard,2713,,
http://www.wikidata.org/entity/Q2399264,Université de technologie de Belfort-Montbéliard,2724,,
http://www.wikidata.org/entity/Q2399264,Université de technologie de Belfort-Montbéliard,2741,,
http://www.wikidata.org/entity/Q2399264,Université de technologie de Belfort-Montbéliard,2806,,
http://www.wikidata.org/entity/Q2399264,Université de technologie de Belfort-Montbéliard,2886,,
http://www.wikidata.org/entity/Q2399264,Université de technologie de Belfort-Montbéliard,2941,,
http://www.wikidata.org/entity/Q2399323,Universiti Teknikal Malaysia Melaka,12077,,
http://www.wikidata.org/entity/Q2399276,Ченстоховская политехника,7000,,
http://www.wikidata.org/entity/Q2399342,Институт Циньдао,16900,,
http://www.wikidata.org/entity/Q2407584,Техасский университет A&M в Коммерсе,12249,,
http://www.wikidata.org/entity/Q2495841,"University of Colorado, Colorado Springs",12380,,
http://www.wikidata.org/entity/Q2471216,Университет Томаса Джефферсона,8286,,
http://www.wikidata.org/entity/Q2495752,Universidade do Extremo Sul Catarinense,11500,,
http://www.wikidata.org/entity/Q2495828,University of Arkansas-Fort Smith,6710,,
http://www.wikidata.org/entity/Q2495828,University of Arkansas-Fort Smith,6265,,
http://www.wikidata.org/entity/Q2495828,University of Arkansas-Fort Smith,6557,,
http://www.wikidata.org/entity/Q2495828,University of Arkansas-Fort Smith,6584,,
http://www.wikidata.org/entity/Q2495828,University of Arkansas-Fort Smith,6626,,
http://www.wikidata.org/entity/Q2496089,Matsuyama University,5749,,
http://www.wikidata.org/entity/Q2495945,University of West Georgia,13238,,
http://www.wikidata.org/entity/Q2495772,Universidade do Sul de Santa Catarina,24529,,
http://www.wikidata.org/entity/Q2495825,Университет Арканзаса в Пайн-Блафф,2668,,
http://www.wikidata.org/entity/Q2495935,Техасский университет Пермского бассейна,5530,,
http://www.wikidata.org/entity/Q2496010,Комратский государственный университет,500,,
http://www.wikidata.org/entity/Q2495907,Скрантонский университет,4127,,
http://www.wikidata.org/entity/Q2496046,Университет Дубровника,2600,,
http://www.wikidata.org/entity/Q2495907,Скрантонский университет,4957,,
http://www.wikidata.org/entity/Q2496026,Полоцкий государственный университет им. Ефросинии Полоцкой,5247,,
http://www.wikidata.org/entity/Q2495685,Universidad Internacional del Ecuador,6094,,
http://www.wikidata.org/entity/Q5149660,Columbia College Hollywood,760,,
http://www.wikidata.org/entity/Q5150133,Columbus Technical College,2999,,
http://www.wikidata.org/entity/Q5150130,Columbus State University,7877,,
http://www.wikidata.org/entity/Q5154694,Community College of Vermont,5102,,
http://www.wikidata.org/entity/Q5154688,Community College of Aurora,7835,,
http://www.wikidata.org/entity/Q5158896,Concord University,1807,,
http://www.wikidata.org/entity/Q5159000,"Concordia University, Nebraska",3224,,
http://www.wikidata.org/entity/Q5158998,Concordia University Irvine,4071,,
http://www.wikidata.org/entity/Q5169711,Corban University,1160,,
http://www.wikidata.org/entity/Q5171689,Cornerstone University,1668,,
http://www.wikidata.org/entity/Q5171689,Cornerstone University,1917,,
http://www.wikidata.org/entity/Q5202348,Университет Пьюры,6600,,
http://www.wikidata.org/entity/Q5203187,D'Youville University,2785,,
http://www.wikidata.org/entity/Q5211292,Dallas Christian College,246,,
http://www.wikidata.org/entity/Q5211272,Dallas Baptist University,4247,,
http://www.wikidata.org/entity/Q5210062,Университет Уэсли в Дакоте,933,,
http://www.wikidata.org/entity/Q5220742,Southern Wesleyan University,1345,,
http://www.wikidata.org/entity/Q5230267,Davenport University,6127,,
http://www.wikidata.org/entity/Q5243137,Dayeh University,5218,,
http://www.wikidata.org/entity/Q5244080,DeSales University,2645,,
http://www.wikidata.org/entity/Q5244080,DeSales University,3302,,
http://www.wikidata.org/entity/Q5168881,Коппинский университет,2348,,
http://www.wikidata.org/entity/Q877421,Венский университет ветеринарной медицины,2404,,
http://www.wikidata.org/entity/Q877925,Университет Квинс в Белфасте,24560,,
http://www.wikidata.org/entity/Q820887,Флорентийский университет,40000,,
http://www.wikidata.org/entity/Q886141,Bluffton University,750,,
http://www.wikidata.org/entity/Q830901,University of Hyogo,6551,,
http://www.wikidata.org/entity/Q849751,Йоркский университет,53974,,
http://www.wikidata.org/entity/Q890684,Технологический университет Папуа — Новой Гвинеи,3000,,
http://www.wikidata.org/entity/Q891082,Университет штата Айдахо в Бойсе,16110,,
http://www.wikidata.org/entity/Q833961,Китайский университет политологии и права,21325,,
http://www.wikidata.org/entity/Q835972,Asahikawa Medical University,978,,
http://www.wikidata.org/entity/Q835960,Университет Сан-Паулу,97964,,
http://www.wikidata.org/entity/Q836805,Чалмерский технологический институт,10773,,
http://www.wikidata.org/entity/Q839669,Российский университет дружбы народов,31759,,
http://www.wikidata.org/entity/Q845332,Haskell Indian Nations University,731,,
http://www.wikidata.org/entity/Q848272,Осакский университет экономики,7337,,
http://www.wikidata.org/entity/Q849611,Lagos State University,90885,,
http://www.wikidata.org/entity/Q851164,Университет Корвина,18000,,
http://www.wikidata.org/entity/Q851648,Victor Babeș University of Medicine and Pharmacy,7273,,
http://www.wikidata.org/entity/Q854280,Королевский технологический институт,14278,,
http://www.wikidata.org/entity/Q860268,Tohoku Fukushi University,5462,,
http://www.wikidata.org/entity/Q863813,Бингемтонский университет,16818,,
http://www.wikidata.org/entity/Q863813,Бингемтонский университет,18124,,
http://www.wikidata.org/entity/Q866107,Тельшяйская семинария,26,,
http://www.wikidata.org/entity/Q866829,Southeastern Oklahoma State University,6012,,
http://www.wikidata.org/entity/Q872543,Medical University of Graz,4346,,
http://www.wikidata.org/entity/Q875147,Университет музыки и театра Граца,2272,,
http://www.wikidata.org/entity/Q875466,European Peace University,22,,
http://www.wikidata.org/entity/Q871369,Моцартеум,1804,,
http://www.wikidata.org/entity/Q816145,Белорусский государственный университет информатики и радиоэлектроники,16000,,
http://www.wikidata.org/entity/Q816377,Bemidji State University,4577,,
http://www.wikidata.org/entity/Q3244049,Южно-Мэнский университет,10974,,
http://www.wikidata.org/entity/Q3152453,Национальный политехнический институт Тулузы,6300,,
http://www.wikidata.org/entity/Q3152453,Национальный политехнический институт Тулузы,3250,,
http://www.wikidata.org/entity/Q3152453,Национальный политехнический институт Тулузы,3530,,
http://www.wikidata.org/entity/Q3152453,Национальный политехнический институт Тулузы,3233,,
http://www.wikidata.org/entity/Q3152453,Национальный политехнический институт Тулузы,3417,,
http://www.wikidata.org/entity/Q3152453,Национальный политехнический институт Тулузы,3498,,
http://www.wikidata.org/entity/Q3152453,Национальный политехнический институт Тулузы,3559,,
http://www.wikidata.org/entity/Q3152453,Национальный политехнический институт Тулузы,3617,,
http://www.wikidata.org/entity/Q3152453,Национальный политехнический институт Тулузы,3653,,
http://www.wikidata.org/entity/Q3152453,Национальный политехнический институт Тулузы,3681,,
http://www.wikidata.org/entity/Q3152453,Национальный политехнический институт Тулузы,3751,,
http://www.wikidata.org/entity/Q3152453,Национальный политехнический институт Тулузы,3762,,
http://www.wikidata.org/entity/Q3152453,Национальный политехнический институт Тулузы,3881,,
http://www.wikidata.org/entity/Q3152453,Национальный политехнический институт Тулузы,3988,,
http://www.wikidata.org/entity/Q3152453,Национальный политехнический институт Тулузы,4083,,
http://www.wikidata.org/entity/Q3152453,Национальный политехнический институт Тулузы,4148,,
http://www.wikidata.org/entity/Q3152453,Национальный политехнический институт Тулузы,4158,,
http://www.wikidata.org/entity/Q3162985,Ташкентский государственный технический университет,12000,,
http://www.wikidata.org/entity/Q3181122,Университет Панджаджаран,41412,,
http://www.wikidata.org/entity/Q3233786,Winona State University,7106,,
http://www.wikidata.org/entity/Q3243730,Гавайский университет имени Бригама Янга,3180,,
http://www.wikidata.org/entity/Q3269570,Lynn University,3232,,
http://www.wikidata.org/entity/Q3272069,Художественный колледж дизайна,2171,,
http://www.wikidata.org/entity/Q3272069,Художественный колледж дизайна,2182,,
http://www.wikidata.org/entity/Q3272997,МИРЭА,21501,,
http://www.wikidata.org/entity/Q3275551,Аннамалайский университет,37444,,
http://www.wikidata.org/entity/Q3275637,Университет Центральной Оклахомы,14132,,
http://www.wikidata.org/entity/Q3298359,Бельмонтский университет,8204,,
http://www.wikidata.org/entity/Q3298359,Бельмонтский университет,8358,,
http://www.wikidata.org/entity/Q3301911,Texas Lutheran University,1287,,
http://www.wikidata.org/entity/Q3301911,Texas Lutheran University,1499,,
http://www.wikidata.org/entity/Q3306469,Университет A&M в Прери-Вью,9248,,
http://www.wikidata.org/entity/Q3369346,Oklahoma Wesleyan University,934,,
http://www.wikidata.org/entity/Q3378714,Lyndon State College,1200,,
http://www.wikidata.org/entity/Q3439770,Астраханский государственный университет им. В. Н. Татищева,16000,,
http://www.wikidata.org/entity/Q3443159,University of the Sciences in Philadelphia,2375,,
http://www.wikidata.org/entity/Q3443325,Университет Уайденера,6150,,
http://www.wikidata.org/entity/Q3443325,Университет Уайденера,4826,,
http://www.wikidata.org/entity/Q3316928,Mississippi Valley State University,2032,,
http://www.wikidata.org/entity/Q4475298,Уманский национальный университет,6000,,
http://www.wikidata.org/entity/Q4475847,Университет обороны,1890,,
http://www.wikidata.org/entity/Q4418290,Сибирский государственный университет физической культуры и спорта,5000,,
http://www.wikidata.org/entity/Q4418318,Сибирский университет потребительской кооперации,8385,,
http://www.wikidata.org/entity/Q4446049,Сумской национальный аграрный университет,8778,,
http://www.wikidata.org/entity/Q4449705,Таджикский государственный медицинский университет,7300,,
http://www.wikidata.org/entity/Q4450874,Тамбовский государственный технический университет,8000,,
http://www.wikidata.org/entity/Q4456096,Тернопольский национальный педагогический университет имени Владимира Гнатюка,7209,,
http://www.wikidata.org/entity/Q4456097,Западноукраинский национальный университет,13959,,
http://www.wikidata.org/entity/Q4467497,Тюменский государственный архитектурно-строительный университет,12000,,
http://www.wikidata.org/entity/Q4469637,Ужгородский национальный университет,13600,,
http://www.wikidata.org/entity/Q4469711,Узбекский государственный университет мировых языков,30000,,
http://www.wikidata.org/entity/Q4470465,Украинская академия банковского дела,2700,,
http://www.wikidata.org/entity/Q4470490,Украинская инженерно-педагогическая академия,10000,,
http://www.wikidata.org/entity/Q4470578,Украинский государственный химико-технологический университет,6000,,
http://www.wikidata.org/entity/Q4476752,Уральский государственный лесотехнический университет,10000,,
http://www.wikidata.org/entity/Q4476708,Уральский государственный медицинский университет,4513,,
http://www.wikidata.org/entity/Q4476714,Уральский государственный юридический университет,6138,,
http://www.wikidata.org/entity/Q4496116,Хартфордская семинария,120,,
http://www.wikidata.org/entity/Q4496337,Харьковский национальный университет строительства и архитектуры,7000,,
http://www.wikidata.org/entity/Q4504755,University of the Amazon,21500,,
http://www.wikidata.org/entity/Q4507421,Чарльстонский колледж,10013,,
http://www.wikidata.org/entity/Q4507421,Чарльстонский колледж,10384,,
http://www.wikidata.org/entity/Q4533671,Юго-Западный государственный университет,11250,,
http://www.wikidata.org/entity/Q4537262,Арктический государственный агротехнологический университет,4173,,
http://www.wikidata.org/entity/Q4538869,Ярославский государственный педагогический университет,8145,,
http://www.wikidata.org/entity/Q4496310,Харьковский инженерно-экономический институт,6317,,
http://www.wikidata.org/entity/Q6099948,"Ivy Tech Community College, Central Indiana Region",63809,,
http://www.wikidata.org/entity/Q6103451,Kobe Shinwa University,1349,,
http://www.wikidata.org/entity/Q6132876,Nelson University,1985,,
http://www.wikidata.org/entity/Q6146207,University of Jamestown,1147,,
http://www.wikidata.org/entity/Q6156359,Автономный университет Герреро,35394,,
http://www.wikidata.org/entity/Q6149540,Государственный университет Нью-Йорка в Дженезио,4911,,
http://www.wikidata.org/entity/Q6145842,National United University,6553,,
http://www.wikidata.org/entity/Q5263531,Des Moines University,1559,,
http://www.wikidata.org/entity/Q5273748,Dickinson State University,1441,,
http://www.wikidata.org/entity/Q5284151,Divine Word College of San Jose,2441,,
http://www.wikidata.org/entity/Q5309401,Drury University,1538,,
http://www.wikidata.org/entity/Q5309401,Drury University,1691,,
http://www.wikidata.org/entity/Q5315811,Dunwoody College of Technology,1281,,
http://www.wikidata.org/entity/Q5290854,Dominican University,2235,,
http://www.wikidata.org/entity/Q5290854,Dominican University,3189,,
http://www.wikidata.org/entity/Q5290854,Dominican University,3196,,
http://www.wikidata.org/entity/Q6156516,Latin American University of Science and Technology,2559,,
http://www.wikidata.org/entity/Q6156446,Distance State University,36222,,
http://www.wikidata.org/entity/Q975037,University of Texas at Brownsville,8777,,
http://www.wikidata.org/entity/Q977781,Университет Мальмё,15625,,
http://www.wikidata.org/entity/Q891082,Университет штата Айдахо в Бойсе,24069,,
http://www.wikidata.org/entity/Q892503,Saint Leo University,14500,,
http://www.wikidata.org/entity/Q895439,Государственный университет Боуи,5600,,
http://www.wikidata.org/entity/Q895645,Высшая школа философии и теологии Святого Георга,388,,
http://www.wikidata.org/entity/Q909784,Shimonoseki City University,1979,,
http://www.wikidata.org/entity/Q910669,University of Dubuque,1541,,
http://www.wikidata.org/entity/Q915989,Университет королевы Маргарет,5410,,
http://www.wikidata.org/entity/Q917899,Университет Нью-Хейвена,6961,,
http://www.wikidata.org/entity/Q927304,Университет Нигерии,23815,,
http://www.wikidata.org/entity/Q929378,Европейский университет в Санкт-Петербурге,170,,
http://www.wikidata.org/entity/Q930528,Университет Тренто,16239,,
http://www.wikidata.org/entity/Q930528,Университет Тренто,16305,,
http://www.wikidata.org/entity/Q931642,Краковский политехнический университет имени Тадеуша Костюшко,11779,,
http://www.wikidata.org/entity/Q931865,Университет Кларксона,3720,,
http://www.wikidata.org/entity/Q931865,Университет Кларксона,4025,,
http://www.wikidata.org/entity/Q904943,Touro University,11699,,
http://www.wikidata.org/entity/Q935018,Jacksonville University,4053,,
http://www.wikidata.org/entity/Q935290,"University of Wales, Newport",9630,,
http://www.wikidata.org/entity/Q940289,University of Southern Indiana,10203,,
http://www.wikidata.org/entity/Q940919,Университет долины Юта,33395,,
http://www.wikidata.org/entity/Q941855,Университет Иллинойса в Спрингфилде,4146,,
http://www.wikidata.org/entity/Q924318,Wheaton College,1538,,
http://www.wikidata.org/entity/Q924318,Wheaton College,1686,,
http://www.wikidata.org/entity/Q924318,Wheaton College,2583,,
http://www.wikidata.org/entity/Q950609,Singapore Management University,9697,,
http://www.wikidata.org/entity/Q951305,Кейптаунский университет,23500,,
http://www.wikidata.org/entity/Q953421,Университет Пантеон,18500,,
http://www.wikidata.org/entity/Q954035,Университет Брэдфорда,9665,,
http://www.wikidata.org/entity/Q955439,Юго-Осетинский государственный университет,3000,,
http://www.wikidata.org/entity/Q955609,Университет Феррары,22800,,
http://www.wikidata.org/entity/Q955647,Университет Гренобль 1,15400,,
http://www.wikidata.org/entity/Q955647,Университет Гренобль 1,16710,,
http://www.wikidata.org/entity/Q955647,Университет Гренобль 1,15172,,
http://www.wikidata.org/entity/Q955647,Университет Гренобль 1,15345,,
http://www.wikidata.org/entity/Q955647,Университет Гренобль 1,15392,,
http://www.wikidata.org/entity/Q955647,Университет Гренобль 1,16667,,
http://www.wikidata.org/entity/Q955647,Университет Гренобль 1,16723,,
http://www.wikidata.org/entity/Q955647,Университет Гренобль 1,16865,,
http://www.wikidata.org/entity/Q955647,Университет Гренобль 1,18143,,
http://www.wikidata.org/entity/Q955647,Университет Гренобль 1,18221,,
http://www.wikidata.org/entity/Q957715,Beijing Information Science & Technology University,11483,,
http://www.wikidata.org/entity/Q957995,Jacksonville State University,9238,,
http://www.wikidata.org/entity/Q904219,Campbell University,5964,,
http://www.wikidata.org/entity/Q961303,Los Andes Peruvian University,1800,,
http://www.wikidata.org/entity/Q3443493,Shaw University,1283,,
http://www.wikidata.org/entity/Q3443498,Oklahoma City University,2617,,
http://www.wikidata.org/entity/Q3444269,Walsh University,2651,,
http://www.wikidata.org/entity/Q3445045,Bethel University,3814,,
http://www.wikidata.org/entity/Q3445253,William Woods University,2114,,
http://www.wikidata.org/entity/Q3445541,Cheyney University of Pennsylvania,623,,
http://www.wikidata.org/entity/Q3443737,Университет Святого Петра,3197,,
http://www.wikidata.org/entity/Q3443893,Уэст-Честерский университет,18000,,
http://www.wikidata.org/entity/Q3446091,Alfred University,1722,,
http://www.wikidata.org/entity/Q3446091,Alfred University,2187,,
http://www.wikidata.org/entity/Q3444292,Кэмеронский университет,3771,,
http://www.wikidata.org/entity/Q3446076,Bridgewater State University,10651,,
http://www.wikidata.org/entity/Q3444680,Калифорнийский институт интегральных исследований,1530,,
http://www.wikidata.org/entity/Q3444675,Университет Кристофера Ньюпорта,4868,,
http://www.wikidata.org/entity/Q3445331,Вудберийский университет,1132,,
http://www.wikidata.org/entity/Q3461622,Алтайский государственный медицинский университет,5000,,
http://www.wikidata.org/entity/Q3468084,Mississippi University for Women,2704,,
http://www.wikidata.org/entity/Q3468361,Texas Woman's University,14416,,
http://www.wikidata.org/entity/Q3468361,Texas Woman's University,16433,,
http://www.wikidata.org/entity/Q3474474,Savannah State University,3688,,
http://www.wikidata.org/entity/Q3495253,Университет Святого Эдуарда,3305,,
http://www.wikidata.org/entity/Q3495253,Университет Святого Эдуарда,3591,,
http://www.wikidata.org/entity/Q3539296,Вашингтонский университет Тринити,2100,,
http://www.wikidata.org/entity/Q3551358,University of Montana Western,1334,,
http://www.wikidata.org/entity/Q3444527,William Paterson University,9635,,
http://www.wikidata.org/entity/Q3445256,Университет Южного Нью-Гэмпшира,134345,,
http://www.wikidata.org/entity/Q4568893,Elon University,6960,,
http://www.wikidata.org/entity/Q4568893,Elon University,7117,,
http://www.wikidata.org/entity/Q4538874,Ярославский государственный технический университет,6468,,
http://www.wikidata.org/entity/Q4568903,Park University,10165,,
http://www.wikidata.org/entity/Q4570025,Grand Canyon University,75200,,
http://www.wikidata.org/entity/Q4570194,Franklin University,2651,,
http://www.wikidata.org/entity/Q4570064,Buffalo State University,8339,,
http://www.wikidata.org/entity/Q4570194,Franklin University,5926,,
http://www.wikidata.org/entity/Q4571885,Faulkner University,2961,,
http://www.wikidata.org/entity/Q4647420,A.T. Still University,3995,,
http://www.wikidata.org/entity/Q4569311,Evangel University,1999,,
http://www.wikidata.org/entity/Q4669049,Университет Авраама Линкольна,265,,
http://www.wikidata.org/entity/Q4671433,Academy of Chinese Culture and Health Sciences,97,,
http://www.wikidata.org/entity/Q4671448,Академия экономического образования Молдавии,16000,,
http://www.wikidata.org/entity/Q4682076,Университет Адельфи,7584,,
http://www.wikidata.org/entity/Q3551657,Niagara University,2506,,
http://www.wikidata.org/entity/Q3551657,Niagara University,3544,,
http://www.wikidata.org/entity/Q3551447,Minobusan University,111,,
http://www.wikidata.org/entity/Q3551429,Longwood University,3715,,
http://www.wikidata.org/entity/Q3551429,Longwood University,4841,,
http://www.wikidata.org/entity/Q3551510,Washington Adventist University,968,,
http://www.wikidata.org/entity/Q3551642,University of Mount Union,2116,,
http://www.wikidata.org/entity/Q3551642,University of Mount Union,2178,,
http://www.wikidata.org/entity/Q3551409,Университет Гарднер-Вэбб,3536,,
http://www.wikidata.org/entity/Q3551591,Университет Гомы,4000,,
http://www.wikidata.org/entity/Q3551554,Тарлтонский университет,14016,,
http://www.wikidata.org/entity/Q1026831,California Lutheran University,3568,,
http://www.wikidata.org/entity/Q1026831,California Lutheran University,4027,,
http://www.wikidata.org/entity/Q1026804,Калифорнийский колледж искусств,1800,,
http://www.wikidata.org/entity/Q1026836,Калифорнийский университет Мирамар,174,,
http://www.wikidata.org/entity/Q1026909,"California State University, Dominguez Hills",14758,,
http://www.wikidata.org/entity/Q1026916,"California State University, East Bay",16253,,
http://www.wikidata.org/entity/Q1026944,"California State University, San Bernardino",16057,,
http://www.wikidata.org/entity/Q1026909,"California State University, Dominguez Hills",18687,,
http://www.wikidata.org/entity/Q1026944,"California State University, San Bernardino",19689,,
http://www.wikidata.org/entity/Q1026868,"California State Polytechnic University, Pomona",30014,,
http://www.wikidata.org/entity/Q1026932,Университет штата Калифорния в Лос-Анджелесе,22959,,
http://www.wikidata.org/entity/Q1026919,Университет штата Калифорния во Фресно,25497,,
http://www.wikidata.org/entity/Q1026919,Университет штата Калифорния во Фресно,26438,,
http://www.wikidata.org/entity/Q1026932,Университет штата Калифорния в Лос-Анджелесе,26745,,
http://www.wikidata.org/entity/Q1026941,Калифорнийский государственный университет в Сакраменто,27085,,
http://www.wikidata.org/entity/Q1026941,Калифорнийский государственный университет в Сакраменто,31451,,
http://www.wikidata.org/entity/Q1026925,Калифорнийский университет в Фуллертоне,42051,,
http://www.wikidata.org/entity/Q1027869,DigiPen,871,,
http://www.wikidata.org/entity/Q1029431,Университет Бригама Янга,44481,,
http://www.wikidata.org/entity/Q1030044,Квиннипэкский университет,8248,,
http://www.wikidata.org/entity/Q1030044,Квиннипэкский университет,9746,,
http://www.wikidata.org/entity/Q1031803,Римский университет Тор Вергата,38716,,
http://www.wikidata.org/entity/Q1033335,Канизийский колледж,2360,,
http://www.wikidata.org/entity/Q1033335,Канизийский колледж,2820,,
http://www.wikidata.org/entity/Q992830,Университет Санта-Клары,8095,,
http://www.wikidata.org/entity/Q992830,Университет Санта-Клары,8616,,
http://www.wikidata.org/entity/Q995265,колледж Брин Мар,1676,,
http://www.wikidata.org/entity/Q995265,колледж Брин Мар,1719,,
http://www.wikidata.org/entity/Q1046493,Университет Нархоз,7000,,
http://www.wikidata.org/entity/Q1047293,Калифорнийский университет в Санта-Крузе,19494,,
http://www.wikidata.org/entity/Q1049687,Каслтонский университет,2211,,
http://www.wikidata.org/entity/Q1026902,Университет штата Калифорния в Бейкерсфилде,9050,,
http://www.wikidata.org/entity/Q1026902,Университет штата Калифорния в Бейкерсфилде,9261,,
http://www.wikidata.org/entity/Q1050078,Западно-Каролинский университет,12243,,
http://www.wikidata.org/entity/Q1052208,Нью-Мексиканский институт горного дела и технологий,1686,,
http://www.wikidata.org/entity/Q1052614,Университет штата Юта,21534,,
http://www.wikidata.org/entity/Q1052614,Университет штата Юта,27691,,
http://www.wikidata.org/entity/Q1053764,Центральный университет штата Коннектикут,10652,,
http://www.wikidata.org/entity/Q1054064,Университет Центрального Вашингтона,11174,,
http://www.wikidata.org/entity/Q1054905,Государственный университет Моргана,7763,,
http://www.wikidata.org/entity/Q1055243,Бурятский государственный университет,10000,,
http://www.wikidata.org/entity/Q1055874,Бриджпортский университет,4155,,
http://www.wikidata.org/entity/Q1056373,Галлодетский университет,1451,,
http://www.wikidata.org/entity/Q1056848,Oakwood University,1374,,
http://www.wikidata.org/entity/Q1057199,Университет Хоккайдо,17770,,
http://www.wikidata.org/entity/Q1061981,Университет Цуда,3249,,
http://www.wikidata.org/entity/Q1062121,Южнотихоокеанский университет,16980,,
http://www.wikidata.org/entity/Q1063665,Высшая школа экономики,19441,,
http://www.wikidata.org/entity/Q1064270,Gakushuin Women's College,1698,,
http://www.wikidata.org/entity/Q1067916,Okayama University,13057,,
http://www.wikidata.org/entity/Q1068615,Университет искусств,1530,,
http://www.wikidata.org/entity/Q1066989,Alliant University,3429,,
http://www.wikidata.org/entity/Q1007777,Университет Айдзу,1371,,
http://www.wikidata.org/entity/Q1012699,Bryant University,3338,,
http://www.wikidata.org/entity/Q1012699,Bryant University,3674,,
http://www.wikidata.org/entity/Q5328082,East China University of Political Science and Law,15420,,
http://www.wikidata.org/entity/Q5329516,East Texas Baptist University,1714,,
http://www.wikidata.org/entity/Q5329446,East Stroudsburg University of Pennsylvania,5835,,
http://www.wikidata.org/entity/Q5328060,Восточный центральный университет,3608,,
http://www.wikidata.org/entity/Q5330550,Eastern University,3504,,
http://www.wikidata.org/entity/Q5329352,ФГБОУ ВПО Восточно-Сибирский государственный университет технологий и управления,15000,,
http://www.wikidata.org/entity/Q5331048,East–West University,419,,
http://www.wikidata.org/entity/Q5338120,Эдинборский университет Пенсильвании,4319,,
http://www.wikidata.org/entity/Q5417138,Everglades University,2247,,
http://www.wikidata.org/entity/Q5362587,Elizabeth City State University,2002,,
http://www.wikidata.org/entity/Q6161219,Jarvis Christian University,719,,
http://www.wikidata.org/entity/Q6223569,Университет Джона Брауна,1761,,
http://www.wikidata.org/entity/Q6223569,Университет Джона Брауна,2343,,
http://www.wikidata.org/entity/Q4737977,Alvernia University,2560,,
http://www.wikidata.org/entity/Q4741376,Amberton University,1103,,
http://www.wikidata.org/entity/Q4743296,American Career Institute,8,,
http://www.wikidata.org/entity/Q4744166,Американский межконтинентальный университет,15415,,
http://www.wikidata.org/entity/Q4744969,American Sentinel University,2761,,
http://www.wikidata.org/entity/Q4702513,Al-Hikma University,650,,
http://www.wikidata.org/entity/Q4709395,Albany Technical College,3022,,
http://www.wikidata.org/entity/Q4716513,Aletheia University,4299,,
http://www.wikidata.org/entity/Q3551851,Ehime Prefectural University of Health Science,438,,
http://www.wikidata.org/entity/Q3551777,Minami Kyushu University,996,,
http://www.wikidata.org/entity/Q3551803,Sapporo City University,840,,
http://www.wikidata.org/entity/Q3551688,Walla Walla University,1737,,
http://www.wikidata.org/entity/Q3551806,Национальный сельскохозяйственный университет,6424,,
http://www.wikidata.org/entity/Q3551772,Университет Висконсин-Уайтуотер,11989,,
http://www.wikidata.org/entity/Q3557727,Пловдивский медицинский университет,3800,,
http://www.wikidata.org/entity/Q3577853,Гастингский колледж права Калифорнийского университета,1026,,
http://www.wikidata.org/entity/Q5434553,CTBC University of Technology,2024,,
http://www.wikidata.org/entity/Q5447173,Fielding Graduate University,1071,,
http://www.wikidata.org/entity/Q5455840,Five Branches University,349,,
http://www.wikidata.org/entity/Q5461608,Florida State College at Jacksonville,22344,,
http://www.wikidata.org/entity/Q5461548,Флоридский политехнический университет,1422,,
http://www.wikidata.org/entity/Q5463783,Fo Guang University,2966,,
http://www.wikidata.org/entity/Q5465153,Fontbonne University,1112,,
http://www.wikidata.org/entity/Q5472214,Fort Valley State University,2624,,
http://www.wikidata.org/entity/Q5472670,Fortis College,390,,
http://www.wikidata.org/entity/Q5472670,Fortis College,394,,
http://www.wikidata.org/entity/Q5472670,Fortis College,399,,
http://www.wikidata.org/entity/Q5477034,Fox Valley Technical College,11711,,
http://www.wikidata.org/entity/Q5483039,Францисканский университет Стьюбенвилла,3304,,
http://www.wikidata.org/entity/Q5491762,Franklin Pierce University,1928,,
http://www.wikidata.org/entity/Q1121983,Гренландский университет,650,,
http://www.wikidata.org/entity/Q1122171,Брненский технический университет,17599,,
http://www.wikidata.org/entity/Q1123198,Университет Нандзан,9883,,
http://www.wikidata.org/entity/Q1124179,Семинария Конкордии,377,,
http://www.wikidata.org/entity/Q1124179,Семинария Конкордии,596,,
http://www.wikidata.org/entity/Q1126179,Университет Линкольна (Миссури),2848,,
http://www.wikidata.org/entity/Q1131600,Государственный университет управления,25000,,
http://www.wikidata.org/entity/Q1132041,Коркоранская школа искусств и дизайна,590,,
http://www.wikidata.org/entity/Q1132955,Национальный политехнический институт Лотарингии,6000,,
http://www.wikidata.org/entity/Q1132955,Национальный политехнический институт Лотарингии,3530,,
http://www.wikidata.org/entity/Q1132955,Национальный политехнический институт Лотарингии,3525,,
http://www.wikidata.org/entity/Q1132955,Национальный политехнический институт Лотарингии,3554,,
http://www.wikidata.org/entity/Q1132955,Национальный политехнический институт Лотарингии,3638,,
http://www.wikidata.org/entity/Q1132955,Национальный политехнический институт Лотарингии,3844,,
http://www.wikidata.org/entity/Q1133013,Национальный университет «Киево-Могилянская академия»,3203,,
http://www.wikidata.org/entity/Q1133142,Азиатско-Тихоокеанский университет Рицумейкан,5796,,
http://www.wikidata.org/entity/Q1134292,Исландская академия искусств,749,,
http://www.wikidata.org/entity/Q1135937,Животноводческий университет Обихиро,1353,,
http://www.wikidata.org/entity/Q1136138,Osaka Kyoiku University,4317,,
http://www.wikidata.org/entity/Q1136874,St. Cloud State University,11841,,
http://www.wikidata.org/entity/Q1137652,Университет Маастрихта,21085,,
http://www.wikidata.org/entity/Q1138374,Университет Сент-Джонс,1596,,
http://www.wikidata.org/entity/Q1138374,Университет Сент-Джонс,15562,,
http://www.wikidata.org/entity/Q1138374,Университет Сент-Джонс,20346,,
http://www.wikidata.org/entity/Q1142082,Осакский институт иностранных языков,4761,,
http://www.wikidata.org/entity/Q1143242,University of Glamorgan,21455,,
http://www.wikidata.org/entity/Q1143396,Городской университет Осаки,8230,,
http://www.wikidata.org/entity/Q1098106,Технический Университет Молдовы,9520,,
http://www.wikidata.org/entity/Q1072796,Shiga University,3702,,
http://www.wikidata.org/entity/Q1073441,Флетчеровская школа права и дипломатии,350,,
http://www.wikidata.org/entity/Q1073674,Миланский университет Бикокка,33741,,
http://www.wikidata.org/entity/Q1074112,Университет Эхиме,9033,,
http://www.wikidata.org/entity/Q1141880,Клуж-Напокский университет медицины и фармацевтики имени Юлиу Хагецану,10430,,
http://www.wikidata.org/entity/Q1104405,Coastal Carolina University,9895,,
http://www.wikidata.org/entity/Q1104405,Coastal Carolina University,10118,,
http://www.wikidata.org/entity/Q1084099,Санкт-Петербургский христианский университет,328,,
http://www.wikidata.org/entity/Q1107305,Кокерский университет,1087,,
http://www.wikidata.org/entity/Q1111367,Colorado School of Mines,4700,,
http://www.wikidata.org/entity/Q1111367,Colorado School of Mines,7172,,
http://www.wikidata.org/entity/Q1111515,Colorado State University Pueblo,5925,,
http://www.wikidata.org/entity/Q1112489,Columbia International University,2039,,
http://www.wikidata.org/entity/Q1091287,Университет Тюо,31739,,
http://www.wikidata.org/entity/Q1115878,Ричмондский университет,3637,,
http://www.wikidata.org/entity/Q1115878,Ричмондский университет,4361,,
http://www.wikidata.org/entity/Q4754216,Anderson University,1406,,
http://www.wikidata.org/entity/Q4769889,Anoka Technical College,1683,,
http://www.wikidata.org/entity/Q4775042,Antioch University Santa Barbara,276,,
http://www.wikidata.org/entity/Q4775043,Antioch University Seattle,735,,
http://www.wikidata.org/entity/Q4775041,Antioch University New England,895,,
http://www.wikidata.org/entity/Q4775035,Университет Антиох,924,,
http://www.wikidata.org/entity/Q4780834,Appalachian Bible College,225,,
http://www.wikidata.org/entity/Q4780841,Appalachian College of Pharmacy,180,,
http://www.wikidata.org/entity/Q4785174,Arcadia University,3300,,
http://www.wikidata.org/entity/Q4785174,Arcadia University,2464,,
http://www.wikidata.org/entity/Q4791274,Arizona Christian University,925,,
http://www.wikidata.org/entity/Q4791874,Arkansas State University-Mountain Home,1271,,
http://www.wikidata.org/entity/Q4791876,Arkansas State University-Newport,1941,,
http://www.wikidata.org/entity/Q4792279,Arlington Baptist College,160,,
http://www.wikidata.org/entity/Q4796670,Художественная академия Цинциннати,235,,
http://www.wikidata.org/entity/Q4803389,Asahikawa University,813,,
http://www.wikidata.org/entity/Q4802849,Университет иностранных языков города Кобе,2217,,
http://www.wikidata.org/entity/Q4803762,Asbury University,1741,,
http://www.wikidata.org/entity/Q4805015,University of Arizona Global Campus,31115,,
http://www.wikidata.org/entity/Q5508130,Университет Полных Парусов,24627,,
http://www.wikidata.org/entity/Q5521430,Gannon University,3977,,
http://www.wikidata.org/entity/Q5521430,Gannon University,4251,,
http://www.wikidata.org/entity/Q5527226,Gateway Community and Technical College,4299,,
http://www.wikidata.org/entity/Q5539406,George Fox University,4140,,
http://www.wikidata.org/entity/Q5547419,Georgia College & State University,7031,,
http://www.wikidata.org/entity/Q5547660,Georgia Piedmont Technical College,2615,,
http://www.wikidata.org/entity/Q5547599,Georgia Military College,7501,,
http://www.wikidata.org/entity/Q5547686,Augusta University,9274,,
http://www.wikidata.org/entity/Q5548012,Georgian Court University,1602,,
http://www.wikidata.org/entity/Q5548012,Georgian Court University,2231,,
http://www.wikidata.org/entity/Q5547746,Юго-Западный государственный университет Джорджии,2950,,
http://www.wikidata.org/entity/Q5585003,Gordon State College,3495,,
http://www.wikidata.org/entity/Q6382148,Kean University,14064,,
http://www.wikidata.org/entity/Q6252298,John Paul the Great Catholic University,274,,
http://www.wikidata.org/entity/Q6346653,Kagoshima Immaculate Heart University,597,,
http://www.wikidata.org/entity/Q6356958,Университет Гардин-Симмонс,1848,,
http://www.wikidata.org/entity/Q6356958,Университет Гардин-Симмонс,2128,,
http://www.wikidata.org/entity/Q6360819,BridgeValley Community and Technical College,1662,,
http://www.wikidata.org/entity/Q6364092,Tohoku University of Art and Design,2452,,
http://www.wikidata.org/entity/Q6364916,Kansas City University,1275,,
http://www.wikidata.org/entity/Q6365149,Kansas Wesleyan University,803,,
http://www.wikidata.org/entity/Q6379744,Kawasaki City College of Nursing,300,,
http://www.wikidata.org/entity/Q6381586,Сэмфордский университет,5729,,
http://www.wikidata.org/entity/Q6391919,Kent State University at Stark,4950,,
http://www.wikidata.org/entity/Q6391917,Kent State University at East Liverpool,1173,,
http://www.wikidata.org/entity/Q6391918,Kent State University at Salem,1729,,
http://www.wikidata.org/entity/Q6391915,Kent State University at Ashtabula,2049,,
http://www.wikidata.org/entity/Q6392195,Kentucky Christian University,689,,
http://www.wikidata.org/entity/Q6395480,Kettering University,2030,,
http://www.wikidata.org/entity/Q3898136,Paul Quinn College,468,,
http://www.wikidata.org/entity/Q3878581,Bushnell University,717,,
http://www.wikidata.org/entity/Q3887993,Delta State University,2999,,
http://www.wikidata.org/entity/Q3916655,Западно-Каспийский университет,5000,,
http://www.wikidata.org/entity/Q3679860,Arab Open University,55170,,
http://www.wikidata.org/entity/Q3658386,Фракийский университет,9000,,
http://www.wikidata.org/entity/Q3608706,Криворожский национальный университет,20000,,
http://www.wikidata.org/entity/Q3629946,Austin Community College District,39896,,
http://www.wikidata.org/entity/Q3646646,Белорусский государственный университет культуры и искусств,5384,,
http://www.wikidata.org/entity/Q3648053,Свободный университет Тбилиси,634,,
http://www.wikidata.org/entity/Q3668446,University of Kurdistan Hewler,414,,
http://www.wikidata.org/entity/Q3695750,Salem State University,7242,,
http://www.wikidata.org/entity/Q3695910,Teesside University,19290,,
http://www.wikidata.org/entity/Q3694529,Открытый университет Аллама Икбал,1326266,,
http://www.wikidata.org/entity/Q3700049,Львовский национальный университет природопользования,18000,,
http://www.wikidata.org/entity/Q3700286,Уманский государственный педагогический университет имени Павла Тычины,8000,,
http://www.wikidata.org/entity/Q3700546,Львовский национальный университет ветеринарной медицины и биотехнологий имени С. З. Гжицкого,3014,,
http://www.wikidata.org/entity/Q3701429,Алтайский государственный технический университет имени И. И. Ползунова,20000,,
http://www.wikidata.org/entity/Q3704937,Delaware County Community College,9989,,
http://www.wikidata.org/entity/Q1245999,Сиенский университет,20000,,
http://www.wikidata.org/entity/Q1247544,Вестминстерский университет,24710,,
http://www.wikidata.org/entity/Q1248737,Гуамский университет,2801,,
http://www.wikidata.org/entity/Q1248821,Катанийский университет,44338,,
http://www.wikidata.org/entity/Q1249005,Университет Данди,18610,,
http://www.wikidata.org/entity/Q1144565,Университет Умео,25812,,
http://www.wikidata.org/entity/Q1144673,Королевская академия музыки,730,,
http://www.wikidata.org/entity/Q1144682,Пекинский университет иностранных языков,8600,,
http://www.wikidata.org/entity/Q1144951,Texas A&M University at Qatar,300,,
http://www.wikidata.org/entity/Q1145306,Калькуттский университет,22520,,
http://www.wikidata.org/entity/Q1146856,Nile University,500,,
http://www.wikidata.org/entity/Q1147874,Tshwane University of Technology,60000,,
http://www.wikidata.org/entity/Q1148082,Женский университет Нары,2631,,
http://www.wikidata.org/entity/Q1148210,Университет Тоттори,6179,,
http://www.wikidata.org/entity/Q1148782,Университет Кумамото,11098,,
http://www.wikidata.org/entity/Q1149176,Университет Риссё,10915,,
http://www.wikidata.org/entity/Q1150105,Университет Теннесси,30559,,
http://www.wikidata.org/entity/Q1152391,Женский университет Отяномидзу,2075,,
http://www.wikidata.org/entity/Q1152942,Mie University,8455,,
http://www.wikidata.org/entity/Q1152933,Отаруский университет коммерции,2363,,
http://www.wikidata.org/entity/Q1156637,Университет Ивате,5402,,
http://www.wikidata.org/entity/Q1161619,Suez Canal University,40317,,
http://www.wikidata.org/entity/Q1164068,Харьковский политехнический институт,20000,,
http://www.wikidata.org/entity/Q1165865,Университет имени имама Хусейна,6000,,
http://www.wikidata.org/entity/Q1171185,University of Hawaiʻi–West Oʻahu,2814,,
http://www.wikidata.org/entity/Q1179603,Университет Де Поля,19493,,
http://www.wikidata.org/entity/Q1179603,Университет Де Поля,22377,,
http://www.wikidata.org/entity/Q1187444,Печский университет,20000,,
http://www.wikidata.org/entity/Q1188786,Университет Кюсю,18813,,
http://www.wikidata.org/entity/Q1190852,Университет Алжира,100827,,
http://www.wikidata.org/entity/Q1191344,Университет Северного Иллинойса,16769,,
http://www.wikidata.org/entity/Q1193547,Тулейнский университет,13447,,
http://www.wikidata.org/entity/Q1193547,Тулейнский университет,13927,,
http://www.wikidata.org/entity/Q1201044,Oita University,5781,,
http://www.wikidata.org/entity/Q1231433,Свободный университет Больцано,4216,,
http://www.wikidata.org/entity/Q1183967,Университет штата Дэлавэр,4739,,
http://www.wikidata.org/entity/Q1231724,Utah Tech University,6500,,
http://www.wikidata.org/entity/Q5598396,Grayson College,4066,,
http://www.wikidata.org/entity/Q5593620,Grambling State University,5438,,
http://www.wikidata.org/entity/Q5595242,Grand View University,1584,,
http://www.wikidata.org/entity/Q5595242,Grand View University,1874,,
http://www.wikidata.org/entity/Q5594651,Рокхартский университет,2652,,
http://www.wikidata.org/entity/Q5594651,Рокхартский университет,3688,,
http://www.wikidata.org/entity/Q5595931,Granite State College,1879,,
http://www.wikidata.org/entity/Q5596645,University of Arkansas Grantham,6465,,
http://www.wikidata.org/entity/Q5599153,Great Falls College Montana State University,1071,,
http://www.wikidata.org/entity/Q5599431,Great Lakes Christian College,169,,
http://www.wikidata.org/entity/Q5617088,Lindenwood University,7382,,
http://www.wikidata.org/entity/Q5637810,Hadhramout University,14042,,
http://www.wikidata.org/entity/Q5649147,Hannibal-LaGrange University,739,,
http://www.wikidata.org/entity/Q4810736,Ошский государственный университет,28000,,
http://www.wikidata.org/entity/Q4813522,Athens Technical College,4294,,
http://www.wikidata.org/entity/Q4828300,Averett University,887,,
http://www.wikidata.org/entity/Q4828300,Averett University,1109,,
http://www.wikidata.org/entity/Q4828842,Avila University,1414,,
http://www.wikidata.org/entity/Q4832385,Азербайджанская дипломатическая академия,2324,,
http://www.wikidata.org/entity/Q4845532,Ishikawa Prefectural University,597,,
http://www.wikidata.org/entity/Q4845603,Ishikawa Prefectural Nursing University,370,,
http://www.wikidata.org/entity/Q4849134,Baker College,3523,,
http://www.wikidata.org/entity/Q4849134,Baker College,6028,,
http://www.wikidata.org/entity/Q3919286,Витебский государственный медицинский университет,7000,,
http://www.wikidata.org/entity/Q3919998,Белорусский государственный университет физической культуры,5000,,
http://www.wikidata.org/entity/Q3940116,Roger Williams University,4678,,
http://www.wikidata.org/entity/Q3940116,Roger Williams University,4702,,
http://www.wikidata.org/entity/Q3945126,Saint Xavier University,3764,,
http://www.wikidata.org/entity/Q4005868,University of Texas Health Science Center at San Antonio,3478,,
http://www.wikidata.org/entity/Q4058260,Азербайджанский государственный педагогический университет,7000,,
http://www.wikidata.org/entity/Q4058263,Азербайджанский государственный университет культуры и искусств,7258,,
http://www.wikidata.org/entity/Q4071693,Астраханский государственный медицинский Университет,6500,,
http://www.wikidata.org/entity/Q4072317,Атырауский университет нефти и газа,3900,,
http://www.wikidata.org/entity/Q4116239,Arab Academy for Science and Technology and Maritime Transport,18000,,
http://www.wikidata.org/entity/Q4116241,Университет нефти и ископаемых имени короля Фахда,7500,,
http://www.wikidata.org/entity/Q4095958,Братский государственный университет,5763,,
http://www.wikidata.org/entity/Q1249251,Университет штата Миссури,23505,,
http://www.wikidata.org/entity/Q1253123,Университет Южного Коннектикута,7159,,
http://www.wikidata.org/entity/Q1253123,Университет Южного Коннектикута,9331,,
http://www.wikidata.org/entity/Q1256981,Университет штата в Сан-Франциско,26620,,
http://www.wikidata.org/entity/Q1256981,Университет штата в Сан-Франциско,27349,,
http://www.wikidata.org/entity/Q1268167,Западнопоморский технологический университет,15389,,
http://www.wikidata.org/entity/Q1270831,Университет Редлендса,3774,,
http://www.wikidata.org/entity/Q1270831,Университет Редлендса,4566,,
http://www.wikidata.org/entity/Q1276380,University of St. Francis,3529,,
http://www.wikidata.org/entity/Q1276963,Университет Священного Сердца,8229,,
http://www.wikidata.org/entity/Q1276963,Университет Священного Сердца,9313,,
http://www.wikidata.org/entity/Q1278152,Университет Восточного Коннектикута,4644,,
http://www.wikidata.org/entity/Q1278253,Eastern Washington University,12130,,
http://www.wikidata.org/entity/Q1278206,Университет Восточного Кентукки,11300,,
http://www.wikidata.org/entity/Q1278210,Восточный меннонитский университет,1394,,
http://www.wikidata.org/entity/Q1278206,Университет Восточного Кентукки,14465,,
http://www.wikidata.org/entity/Q1279835,Школа изобразительных искусств,3692,,
http://www.wikidata.org/entity/Q1282309,Приднестровский государственный университет имени Тараса Шевченко,13000,,
http://www.wikidata.org/entity/Q1284408,Папский католический университет Вальпараисо,13149,,
http://www.wikidata.org/entity/Q1296153,University of the West of Scotland,15555,,
http://www.wikidata.org/entity/Q1296887,Новосибирский государственный архитектурно-строительный университет,5900,,
http://www.wikidata.org/entity/Q1304512,Международный Университет в Женеве,270,,
http://www.wikidata.org/entity/Q1305486,Университет Коста-Рики,30436,,
http://www.wikidata.org/entity/Q1305486,Университет Коста-Рики,32969,,
http://www.wikidata.org/entity/Q1305486,Университет Коста-Рики,41642,,
http://www.wikidata.org/entity/Q1306537,University of Informatics Sciences,6800,,
http://www.wikidata.org/entity/Q1311379,Университет Тринити,2636,,
http://www.wikidata.org/entity/Q1311379,Университет Тринити,2685,,
http://www.wikidata.org/entity/Q1312762,Шведский сельскохозяйственный университет,5675,,
http://www.wikidata.org/entity/Q1314405,Университет Джона Кабота,1250,,
http://www.wikidata.org/entity/Q1320232,Детройтский университет Мерси,6000,,
http://www.wikidata.org/entity/Q1320232,Детройтский университет Мерси,4420,,
http://www.wikidata.org/entity/Q1321380,Университет Северной Каролины в Гринсборо,19038,,
http://www.wikidata.org/entity/Q1321380,Университет Северной Каролины в Гринсборо,19764,,
http://www.wikidata.org/entity/Q1331614,Университет Нельсона Манделы,27000,,
http://www.wikidata.org/entity/Q1333399,Университет Лестера,17825,,
http://www.wikidata.org/entity/Q1335573,Колледж Эмерсон,5115,,
http://www.wikidata.org/entity/Q1339396,Emporia State University,4023,,
http://www.wikidata.org/entity/Q1339396,Emporia State University,5828,,
http://www.wikidata.org/entity/Q1340908,Кутцтаунский университет,6790,,
http://www.wikidata.org/entity/Q1340908,Кутцтаунский университет,10238,,
http://www.wikidata.org/entity/Q1349150,Монгольский государственный университет,10000,,
http://www.wikidata.org/entity/Q1351705,Туркменский государственный университет им. Махтумкули,8041,,
http://www.wikidata.org/entity/Q1353139,Каледонский университет,17045,,
http://www.wikidata.org/entity/Q1354097,Кабульский университет,22000,,
http://www.wikidata.org/entity/Q1366589,"Международный университет природы, общества и человека «Дубна»",8000,,
http://www.wikidata.org/entity/Q1368155,Southern Leyte State University,12219,,
http://www.wikidata.org/entity/Q1372362,Университет Гакусюин,9240,,
http://www.wikidata.org/entity/Q1375986,Университет Гифу,7227,,
http://www.wikidata.org/entity/Q6395612,Keuka College,1535,,
http://www.wikidata.org/entity/Q6401986,Palestine Technical University,12700,,
http://www.wikidata.org/entity/Q6412129,King University,1746,,
http://www.wikidata.org/entity/Q6424882,Taipei City University of Science and Technology,7449,,
http://www.wikidata.org/entity/Q6445629,Kurashiki Sakuyo University,1105,,
http://www.wikidata.org/entity/Q6452146,Kyoto University of Advanced Science,3633,,
http://www.wikidata.org/entity/Q6452224,Kyoto University of Foreign Studies,4447,,
http://www.wikidata.org/entity/Q4868388,Bastyr University,904,,
http://www.wikidata.org/entity/Q4874546,Байкальский государственный университет,30000,,
http://www.wikidata.org/entity/Q4879479,Bedër University,485,,
http://www.wikidata.org/entity/Q4882717,Belhaven University,4999,,
http://www.wikidata.org/entity/Q4883967,Bellevue University,13059,,
http://www.wikidata.org/entity/Q4887341,Benedictine College,2217,,
http://www.wikidata.org/entity/Q4887352,Benedictine University,3779,,
http://www.wikidata.org/entity/Q4918312,Bismarck State College,3716,,
http://www.wikidata.org/entity/Q4928377,Университет Блумсберг (Пенсильвания),7500,,
http://www.wikidata.org/entity/Q4928377,Университет Блумсберг (Пенсильвания),8427,,
http://www.wikidata.org/entity/Q4948171,Колледж массовых коммуникаций при Бостонском университете,2400,,
http://www.wikidata.org/entity/Q4956720,Университет Брандмана,10986,,
http://www.wikidata.org/entity/Q4960619,Brenau University,1927,,
http://www.wikidata.org/entity/Q4960619,Brenau University,2813,,
http://www.wikidata.org/entity/Q4961841,Brescia University,986,,
http://www.wikidata.org/entity/Q4897957,Bethel University,4001,,
http://www.wikidata.org/entity/Q5738742,Heritage Christian University,110,,
http://www.wikidata.org/entity/Q5739095,Heritage University,999,,
http://www.wikidata.org/entity/Q5698693,Heidelberg University,1230,,
http://www.wikidata.org/entity/Q5656138,Harding University,3899,,
http://www.wikidata.org/entity/Q5656138,Harding University,4617,,
http://www.wikidata.org/entity/Q5665307,Harrisburg University of Science and Technology,3997,,
http://www.wikidata.org/entity/Q5666316,Harris–Stowe State University,1400,,
http://www.wikidata.org/entity/Q5756235,High Point University,5617,,
http://www.wikidata.org/entity/Q5756235,High Point University,5781,,
http://www.wikidata.org/entity/Q5698189,Hefei University,14000,,
http://www.wikidata.org/entity/Q5712994,Henan University of Science and Technology,30000,,
http://www.wikidata.org/entity/Q4119816,Texas Tech University Health Sciences Center,5274,,
http://www.wikidata.org/entity/Q4123106,Волжский государственный университет водного транспорта,18000,,
http://www.wikidata.org/entity/Q4125410,Воронежский государственный педагогический университет,6000,,
http://www.wikidata.org/entity/Q4125415,Воронежский государственный университет инженерных технологий,8200,,
http://www.wikidata.org/entity/Q4130472,Вятский государственный агротехнологический университет,8723,,
http://www.wikidata.org/entity/Q4140322,Глуховский национальный педагогический университет имени Александра Довженко,5300,,
http://www.wikidata.org/entity/Q4144551,Горно-Алтайский государственный университет,4000,,
http://www.wikidata.org/entity/Q4145910,Горский государственный аграрный университет,6080,,
http://www.wikidata.org/entity/Q4146737,Государственный аграрный университет Северного Зауралья,7000,,
http://www.wikidata.org/entity/Q4146913,Государственный педагогический университет имени Иона Крянгэ,4254,,
http://www.wikidata.org/entity/Q4146980,Университет штата Нью-Йорк в Онеонте,5918,,
http://www.wikidata.org/entity/Q4146980,Университет штата Нью-Йорк в Онеонте,6718,,
http://www.wikidata.org/entity/Q4153294,Гянджинский государственный университет,5237,,
http://www.wikidata.org/entity/Q4163197,Днепровский государственный технический университет,5000,,
http://www.wikidata.org/entity/Q4163203,Днепровский государственный медицинский университет,4500,,
http://www.wikidata.org/entity/Q4163239,Днепровский национальный университет железнодорожного транспорта,4000,,
http://www.wikidata.org/entity/Q4163246,Днепропетровский университет экономики и права имени Альфреда Нобеля,8300,,
http://www.wikidata.org/entity/Q4166242,Донецкий национальный медицинский университет,5000,,
http://www.wikidata.org/entity/Q4166430,Донской государственный аграрный университет,6000,,
http://www.wikidata.org/entity/Q4186452,Западно-Казахстанский аграрно-технический университет имени Жангир хана,9000,,
http://www.wikidata.org/entity/Q4186920,Запорожский национальный университет,14000,,
http://www.wikidata.org/entity/Q4195890,Ивано-Франковский национальный медицинский университет,11000,,
http://www.wikidata.org/entity/Q1446181,Хантерский колледж,24052,,
http://www.wikidata.org/entity/Q1448536,New Design University St. Pölten,467,,
http://www.wikidata.org/entity/Q1450490,Koya University,4260,,
http://www.wikidata.org/entity/Q1458695,Харьковский национальный университет,15630,,
http://www.wikidata.org/entity/Q1460141,Чешский агротехнический университет,19930,,
http://www.wikidata.org/entity/Q1462246,Университет Патр,21000,,
http://www.wikidata.org/entity/Q1463356,University of Akureyri,1800,,
http://www.wikidata.org/entity/Q1465448,Политехнический университет Бухареста,25469,,
http://www.wikidata.org/entity/Q1430054,Florida Gulf Coast University,15358,,
http://www.wikidata.org/entity/Q1468607,Университет Либерти,96709,,
http://www.wikidata.org/entity/Q1470544,Фростбергский государственный университет,4857,,
http://www.wikidata.org/entity/Q1470769,Университет Агдера,14096,,
http://www.wikidata.org/entity/Q1471879,Краковский университет экономики,23000,,
http://www.wikidata.org/entity/Q1472315,Университет Гранд-Вэлли,19195,,
http://www.wikidata.org/entity/Q1472315,Университет Гранд-Вэлли,23295,,
http://www.wikidata.org/entity/Q1379613,Университет Маршалла,11958,,
http://www.wikidata.org/entity/Q1391752,Университет Сент-Луис — Брюссель,4213,,
http://www.wikidata.org/entity/Q1393301,Университет Фэрли Дикинсон,7479,,
http://www.wikidata.org/entity/Q1393301,Университет Фэрли Дикинсон,7797,,
http://www.wikidata.org/entity/Q1407397,Открытый университет,14244,,
http://www.wikidata.org/entity/Q1407397,Открытый университет,14358,,
http://www.wikidata.org/entity/Q1407397,Открытый университет,17015,,
http://www.wikidata.org/entity/Q1407397,Открытый университет,18344,,
http://www.wikidata.org/entity/Q1407897,Ferris State University,8303,,
http://www.wikidata.org/entity/Q1407897,Ferris State University,12578,,
http://www.wikidata.org/entity/Q1411222,Университет Джорджа Мейсона,38541,,
http://www.wikidata.org/entity/Q1412435,Обудский университет,12888,,
http://www.wikidata.org/entity/Q1416632,Финансовый университет при Правительстве Российской Федерации,47712,,
http://www.wikidata.org/entity/Q1419737,Гилдхоллская школа музыки и театра,1085,,
http://www.wikidata.org/entity/Q1420239,Темпльский университет,32537,,
http://www.wikidata.org/entity/Q1420239,Темпльский университет,37367,,
http://www.wikidata.org/entity/Q1422594,Sam Houston State University,17377,,
http://www.wikidata.org/entity/Q1422594,Sam Houston State University,21912,,
http://www.wikidata.org/entity/Q1430113,Национальный институт восточных языков и цивилизаций,6590,,
http://www.wikidata.org/entity/Q1430113,Национальный институт восточных языков и цивилизаций,6850,,
http://www.wikidata.org/entity/Q1430113,Национальный институт восточных языков и цивилизаций,5503,,
http://www.wikidata.org/entity/Q1430113,Национальный институт восточных языков и цивилизаций,5548,,
http://www.wikidata.org/entity/Q1430113,Национальный институт восточных языков и цивилизаций,5591,,
http://www.wikidata.org/entity/Q1430113,Национальный институт восточных языков и цивилизаций,5812,,
http://www.wikidata.org/entity/Q1430113,Национальный институт восточных языков и цивилизаций,5841,,
http://www.wikidata.org/entity/Q1430113,Национальный институт восточных языков и цивилизаций,6145,,
http://www.wikidata.org/entity/Q1430048,Флоридский университет A&M,8077,,
http://www.wikidata.org/entity/Q1430113,Национальный институт восточных языков и цивилизаций,6314,,
http://www.wikidata.org/entity/Q1430113,Национальный институт восточных языков и цивилизаций,6675,,
http://www.wikidata.org/entity/Q1430113,Национальный институт восточных языков и цивилизаций,6767,,
http://www.wikidata.org/entity/Q1430113,Национальный институт восточных языков и цивилизаций,6828,,
http://www.wikidata.org/entity/Q1430113,Национальный институт восточных языков и цивилизаций,6843,,
http://www.wikidata.org/entity/Q1430113,Национальный институт восточных языков и цивилизаций,6986,,
http://www.wikidata.org/entity/Q1430113,Национальный институт восточных языков и цивилизаций,7083,,
http://www.wikidata.org/entity/Q1430113,Национальный институт восточных языков и цивилизаций,7263,,
http://www.wikidata.org/entity/Q1430048,Флоридский университет A&M,9184,,
http://www.wikidata.org/entity/Q1430113,Национальный институт восточных языков и цивилизаций,8082,,
http://www.wikidata.org/entity/Q1433199,Индианский университет – Университет Пердью в Индианаполисе,30300,,
http://www.wikidata.org/entity/Q1438597,Fort Lewis College,3469,,
http://www.wikidata.org/entity/Q1439629,Колледж Провиденс,4874,,
http://www.wikidata.org/entity/Q1399078,Fayetteville State University,5573,,
http://www.wikidata.org/entity/Q1399078,Fayetteville State University,6726,,
http://www.wikidata.org/entity/Q1441652,Francis Marion University,4148,,
http://www.wikidata.org/entity/Q4965764,Briar Cliff University,1076,,
http://www.wikidata.org/entity/Q4982087,Fitchburg State University,6728,,
http://www.wikidata.org/entity/Q4982077,Фремингемский государственный университет,4876,,
http://www.wikidata.org/entity/Q4985470,Buena Vista University,1779,,
http://www.wikidata.org/entity/Q4985470,Buena Vista University,1863,,
http://www.wikidata.org/entity/Q4999226,Rowan College at Burlington County,7316,,
http://www.wikidata.org/entity/Q5017530,Minot State University,2920,,
http://www.wikidata.org/entity/Q5017672,Cairn University,1229,,
http://www.wikidata.org/entity/Q5020643,California Intercontinental University,537,,
http://www.wikidata.org/entity/Q5021159,PennWest California,6885,,
http://www.wikidata.org/entity/Q5024150,Calvary University,469,,
http://www.wikidata.org/entity/Q5028213,Campbellsville University,12771,,
http://www.wikidata.org/entity/Q5042860,Carlow University,1976,,
http://www.wikidata.org/entity/Q5035685,Capital University,3020,,
http://www.wikidata.org/entity/Q5035685,Capital University,2623,,
http://www.wikidata.org/entity/Q5041723,Carlos Albizu University,2413,,
http://www.wikidata.org/entity/Q5876115,Hodges University,700,,
http://www.wikidata.org/entity/Q5885852,Holy Names University,1014,,
http://www.wikidata.org/entity/Q5899317,Hope International University,1201,,
http://www.wikidata.org/entity/Q5920583,Howard Payne University,1060,,
http://www.wikidata.org/entity/Q5924445,Hsuan Chuang University,1637,,
http://www.wikidata.org/entity/Q5925062,Huafan University,807,,
http://www.wikidata.org/entity/Q5945524,Huntington University,1391,,
http://www.wikidata.org/entity/Q5929270,Тихоокеанский университет,3808,,
http://www.wikidata.org/entity/Q5916417,Хьюстонский баптистский университет,3963,,
http://www.wikidata.org/entity/Q5057029,Сидарвиллский университет,4207,,
http://www.wikidata.org/entity/Q5057029,Сидарвиллский университет,4461,,
http://www.wikidata.org/entity/Q5059076,Centenary College of Louisiana,563,,
http://www.wikidata.org/entity/Q5061124,Central Georgia Technical College,8140,,
http://www.wikidata.org/entity/Q5061855,Central State University,4021,,
http://www.wikidata.org/entity/Q5061953,Central University of South Bihar,2807,,
http://www.wikidata.org/entity/Q5061424,Центральный методистский университет,1141,,
http://www.wikidata.org/entity/Q5061424,Центральный методистский университет,1155,,
http://www.wikidata.org/entity/Q5071633,Chang Jung Christian University,6427,,
http://www.wikidata.org/entity/Q5081831,Charles R. Drew University of Medicine and Science,872,,
http://www.wikidata.org/entity/Q5084184,Charleston Southern University,3350,,
http://www.wikidata.org/entity/Q5087708,Четэмский университет,2353,,
http://www.wikidata.org/entity/Q5097298,Chihlee University of Technology,8274,,
http://www.wikidata.org/entity/Q6631334,Bryant & Stratton College,855,,
http://www.wikidata.org/entity/Q6460011,LSU Health Sciences Center New Orleans,2827,,
http://www.wikidata.org/entity/Q6465284,La Sierra University,1993,,
http://www.wikidata.org/entity/Q6467575,Labouré College,1188,,
http://www.wikidata.org/entity/Q6476901,Lake Michigan College,2499,,
http://www.wikidata.org/entity/Q6483113,Lancaster Bible College,2038,,
http://www.wikidata.org/entity/Q6484421,Lander University,3513,,
http://www.wikidata.org/entity/Q6487078,Lanier Technical College,5045,,
http://www.wikidata.org/entity/Q6487738,State University of New York at Fredonia,3450,,
http://www.wikidata.org/entity/Q6487738,State University of New York at Fredonia,4055,,
http://www.wikidata.org/entity/Q6496487,Latin University of Costa Rica,30000,,
http://www.wikidata.org/entity/Q6504630,Технологический университет имени Лоуренса,2812,,
http://www.wikidata.org/entity/Q6506488,LeTourneau University,2028,,
http://www.wikidata.org/entity/Q6506488,LeTourneau University,3122,,
http://www.wikidata.org/entity/Q6513309,Lee College,7487,,
http://www.wikidata.org/entity/Q6515384,Lee University,5204,,
http://www.wikidata.org/entity/Q6523054,Lenoir–Rhyne University,2686,,
http://www.wikidata.org/entity/Q6537128,Lewis University,6437,,
http://www.wikidata.org/entity/Q6545022,Life University,2761,,
http://www.wikidata.org/entity/Q6550534,Линкольнский христианский университет,581,,
http://www.wikidata.org/entity/Q6550556,Линкольнский колледж (Иллинойс),994,,
http://www.wikidata.org/entity/Q6551169,Университет Линкольна (Калифорния),371,,
http://www.wikidata.org/entity/Q6553710,Ling Tung University,6829,,
http://www.wikidata.org/entity/Q6569551,Университет Тринити-Вестерн,7475,,
http://www.wikidata.org/entity/Q469484,Американский университет в Болгарии,1020,,
http://www.wikidata.org/entity/Q470963,Fuzhou University,50000,,
http://www.wikidata.org/entity/Q472167,Виннипегский университет,9394,,
http://www.wikidata.org/entity/Q1848657,Университет Талсы,3671,,
http://www.wikidata.org/entity/Q1848657,Университет Талсы,4187,,
http://www.wikidata.org/entity/Q475700,Университет Западной Капской провинции,19590,,
http://www.wikidata.org/entity/Q129421,Калифорнийский университет в Дейвисе,39074,,
http://www.wikidata.org/entity/Q574606,Брюссельский свободный университет,31606,,
http://www.wikidata.org/entity/Q132478,Университет Оксфорд Брукс,16900,,
http://www.wikidata.org/entity/Q2496233,Задарский университет,6000,,
http://www.wikidata.org/entity/Q2496210,Пекинский университет химических технологий,12000,,
http://www.wikidata.org/entity/Q2496184,Зеницкий университет,4169,,
http://www.wikidata.org/entity/Q2501849,Бельцкий государственный университет,5795,,
http://www.wikidata.org/entity/Q2510885,Белорусский государственный медицинский университет,6513,,
http://www.wikidata.org/entity/Q2514534,Mongolian University of Life Sciences,9809,,
http://www.wikidata.org/entity/Q2526468,Vincennes University,16048,,
http://www.wikidata.org/entity/Q133965,Кубанский государственный аграрный университет,35000,,
http://www.wikidata.org/entity/Q137355,Воронежский государственный аграрный университет,16000,,
http://www.wikidata.org/entity/Q137360,Омский государственный аграрный университет имени П. А. Столыпина,9000,,
http://www.wikidata.org/entity/Q137503,Лодзинский университет,23188,,
http://www.wikidata.org/entity/Q2496197,Бишкекский государственный университет,9000,,
http://www.wikidata.org/entity/Q419339,Akita International University,820,,
http://www.wikidata.org/entity/Q144488,Варшавский университет,42700,,
http://www.wikidata.org/entity/Q429561,Уичитский государственный университет,11289,,
http://www.wikidata.org/entity/Q429561,Уичитский государственный университет,14999,,
http://www.wikidata.org/entity/Q429863,Флоридский атлантический университет,22248,,
http://www.wikidata.org/entity/Q429863,Флоридский атлантический университет,26857,,
http://www.wikidata.org/entity/Q432475,Университет Кентербери,15564,,
http://www.wikidata.org/entity/Q432475,Университет Кентербери,16253,,
http://www.wikidata.org/entity/Q432475,Университет Кентербери,16444,,
http://www.wikidata.org/entity/Q432475,Университет Кентербери,17299,,
http://www.wikidata.org/entity/Q432475,Университет Кентербери,18783,,
http://www.wikidata.org/entity/Q573954,Лимерикский университет,17000,,
http://www.wikidata.org/entity/Q574586,Murray State University,7286,,
http://www.wikidata.org/entity/Q574586,Murray State University,9449,,
http://www.wikidata.org/entity/Q450587,Alzahra University,9962,,
http://www.wikidata.org/entity/Q149990,Рочестерский университет,10778,,
http://www.wikidata.org/entity/Q149990,Рочестерский университет,11741,,
http://www.wikidata.org/entity/Q452406,Университет Касертарта,68099,,
http://www.wikidata.org/entity/Q458666,Ясский технический университет имени Герге Асаки,14050,,
http://www.wikidata.org/entity/Q458666,Ясский технический университет имени Герге Асаки,13155,,
http://www.wikidata.org/entity/Q458666,Ясский технический университет имени Герге Асаки,13185,,
http://www.wikidata.org/entity/Q458666,Ясский технический университет имени Герге Асаки,13269,,
http://www.wikidata.org/entity/Q458666,Ясский технический университет имени Герге Асаки,13393,,
http://www.wikidata.org/entity/Q461033,Guizhou University,45000,,
http://www.wikidata.org/entity/Q462576,Nagoya City University,4685,,
http://www.wikidata.org/entity/Q462588,Kansai Gaidai University,10116,,
http://www.wikidata.org/entity/Q467164,Американский университет Армении,440,,
http://www.wikidata.org/entity/Q4200627,Университет Дипонегоро,38503,,
http://www.wikidata.org/entity/Q4203305,Иркутский государственный медицинский университет,5000,,
http://www.wikidata.org/entity/Q4206599,Кабардино-Балкарский государственный университет имени Х. М. Бербекова,18000,,
http://www.wikidata.org/entity/Q4208086,Казахский агротехнический университет имени Сакена Сейфуллина,10000,,
http://www.wikidata.org/entity/Q4208090,Университет КАЗГЮУ,4000,,
http://www.wikidata.org/entity/Q4213691,Карагандинский государственный технический университет,12000,,
http://www.wikidata.org/entity/Q4220217,Киевский медицинский университет,3500,,
http://www.wikidata.org/entity/Q4220223,Киевский национальный университет культуры и искусств,25000,,
http://www.wikidata.org/entity/Q4220226,"Киевский национальный университет театра, кино и телевидения имени И. К. Карпенко-Карого",1421,,
http://www.wikidata.org/entity/Q4223086,Классический приватный университет,10000,,
http://www.wikidata.org/entity/Q4243514,Кубанский государственный университет,29000,,
http://www.wikidata.org/entity/Q4248071,Курганский государственный университет,10000,,
http://www.wikidata.org/entity/Q4248858,Курский государственный университет,17000,,
http://www.wikidata.org/entity/Q4257876,St. Johns River State College,6828,,
http://www.wikidata.org/entity/Q4258144,Ленинградский государственный университет имени А. С. Пушкина,15000,,
http://www.wikidata.org/entity/Q4267921,Луганский государственный медицинский университет,3500,,
http://www.wikidata.org/entity/Q4281580,Мариупольский государственный университет,4200,,
http://www.wikidata.org/entity/Q5949096,Islamic Azad University of Semnan,10000,,
http://www.wikidata.org/entity/Q5949943,Husson University,2869,,
http://www.wikidata.org/entity/Q5949943,Husson University,3473,,
http://www.wikidata.org/entity/Q5955110,Taiwan Shoufu University,256,,
http://www.wikidata.org/entity/Q5990205,University of Raparin,2127,,
http://www.wikidata.org/entity/Q5999410,Illinois College of Optometry,531,,
http://www.wikidata.org/entity/Q6004301,Immaculata University,2563,,
http://www.wikidata.org/entity/Q6016225,Independence University,11578,,
http://www.wikidata.org/entity/Q6023619,Indiana University Northwest,3801,,
http://www.wikidata.org/entity/Q5985674,Исландский педагогический институт,350,,
http://www.wikidata.org/entity/Q1473115,Open University of Cyprus,3000,,
http://www.wikidata.org/entity/Q1473796,University of North Florida,13153,,
http://www.wikidata.org/entity/Q1473796,University of North Florida,16926,,
http://www.wikidata.org/entity/Q1474005,Университет Западного Иллинойса,7490,,
http://www.wikidata.org/entity/Q1474100,Old Dominion University,18249,,
http://www.wikidata.org/entity/Q1474100,Old Dominion University,24286,,
http://www.wikidata.org/entity/Q1474105,Университет Западного Кентукки,13660,,
http://www.wikidata.org/entity/Q1474157,Новоорлеанский университет,8375,,
http://www.wikidata.org/entity/Q1474105,Университет Западного Кентукки,17517,,
http://www.wikidata.org/entity/Q1474129,Таусонский университет,18921,,
http://www.wikidata.org/entity/Q1475413,Университет Сент-Джозеф,7500,,
http://www.wikidata.org/entity/Q1475413,Университет Сент-Джозеф,5106,,
http://www.wikidata.org/entity/Q1476341,Высшая школа химической технологии,4112,,
http://www.wikidata.org/entity/Q1476754,Российско-армянский университет,2600,,
http://www.wikidata.org/entity/Q1477512,Российский университет транспорта,90000,,
http://www.wikidata.org/entity/Q1477812,Нанкинский педагогический университет,21885,,
http://www.wikidata.org/entity/Q1479914,Академия сельского хозяйства университета Витовта Великого,5950,,
http://www.wikidata.org/entity/Q1482689,Киевский национальный экономический университет,36000,,
http://www.wikidata.org/entity/Q1494353,Airlangga University,35985,,
http://www.wikidata.org/entity/Q1496662,Университет Гази,39234,,
http://www.wikidata.org/entity/Q1507218,Colorado Mesa University,9110,,
http://www.wikidata.org/entity/Q1507218,Colorado Mesa University,7551,,
http://www.wikidata.org/entity/Q1507218,Colorado Mesa University,7682,,
http://www.wikidata.org/entity/Q1507218,Colorado Mesa University,7793,,
http://www.wikidata.org/entity/Q1509957,Süleyman Demirel University,36417,,
http://www.wikidata.org/entity/Q1513804,Казахский национальный исследовательский технический университет имени К. И. Сатпаева,15000,,
http://www.wikidata.org/entity/Q1516259,Университет искусств и промышленного дизайна (Линц),1420,,
http://www.wikidata.org/entity/Q1517021,Университет Западной Австралии,25000,,
http://www.wikidata.org/entity/Q1517401,Таврический университет,4000,,
http://www.wikidata.org/entity/Q1518804,Северо-Каролинский центральный университет,8078,,
http://www.wikidata.org/entity/Q1521371,Ghana Communication Technology University,9000,,
http://www.wikidata.org/entity/Q1523902,Ясский университет,40000,,
http://www.wikidata.org/entity/Q1524992,Международный исламский университет в Малайзии,1570,,
http://www.wikidata.org/entity/Q1524992,Международный исламский университет в Малайзии,1398,,
http://www.wikidata.org/entity/Q1524992,Международный исламский университет в Малайзии,2996,,
http://www.wikidata.org/entity/Q1524992,Международный исламский университет в Малайзии,3773,,
http://www.wikidata.org/entity/Q1524992,Международный исламский университет в Малайзии,20894,,
http://www.wikidata.org/entity/Q1524992,Международный исламский университет в Малайзии,29501,,
http://www.wikidata.org/entity/Q1525831,Онкологический центр им. М. Д. Андерсона,358,,
http://www.wikidata.org/entity/Q1529083,Государственный университет Тетова,4500,,
http://www.wikidata.org/entity/Q1528756,Таджикский национальный университет,22329,,
http://www.wikidata.org/entity/Q1534879,Golden Gate University,5060,,
http://www.wikidata.org/entity/Q1534879,Golden Gate University,1648,,
http://www.wikidata.org/entity/Q1537759,Чикагский университет Лойолы,16195,,
http://www.wikidata.org/entity/Q1537759,Чикагский университет Лойолы,17007,,
http://www.wikidata.org/entity/Q1540471,Governors State University,4650,,
http://www.wikidata.org/entity/Q1542418,Университет Рейкьявика,3800,,
http://www.wikidata.org/entity/Q1550192,Киноуниверситет Бабельсберг имени Конрада Вольфа,924,,
http://www.wikidata.org/entity/Q1479582,Университет искусств,2.527,,
http://www.wikidata.org/entity/Q6023669,Indiana University – Purdue University Fort Wayne,8093,,
http://www.wikidata.org/entity/Q6039214,Institute of Clinical Acupuncture and Oriental Medicine,54,,
http://www.wikidata.org/entity/Q6039770,Institute for the Psychological Sciences,392,,
http://www.wikidata.org/entity/Q6053849,International Technological University,299,,
http://www.wikidata.org/entity/Q6063486,Университет Айона,3590,,
http://www.wikidata.org/entity/Q6063486,Университет Айона,3206,,
http://www.wikidata.org/entity/Q5102286,Chitose Institute of Science and Technology,1046,,
http://www.wikidata.org/entity/Q5109383,Christian Brothers University,1918,,
http://www.wikidata.org/entity/Q5116334,Chung Shan Medical University,6701,,
http://www.wikidata.org/entity/Q5116360,Chung Yuan Christian University,15702,,
http://www.wikidata.org/entity/Q5123501,City Vision University,127,,
http://www.wikidata.org/entity/Q5123487,City University of Seattle,2052,,
http://www.wikidata.org/entity/Q5123725,Irell & Manella Graduate School of Biological Sciences,90,,
http://www.wikidata.org/entity/Q5125034,Claflin University,2048,,
http://www.wikidata.org/entity/Q5126317,Клермонтский университет Линкольн,300,,
http://www.wikidata.org/entity/Q5126855,Clarendon College,1334,,
http://www.wikidata.org/entity/Q5127034,PennWest Clarion,3070,,
http://www.wikidata.org/entity/Q5127034,PennWest Clarion,4465,,
http://www.wikidata.org/entity/Q5130334,Clayton State University,6879,,
http://www.wikidata.org/entity/Q5130680,Clear Creek Baptist Bible College,131,,
http://www.wikidata.org/entity/Q5130976,Cleary University,658,,
http://www.wikidata.org/entity/Q5146666,College of Coastal Georgia,3535,,
http://www.wikidata.org/entity/Q5146774,College of Menominee Nation,173,,
http://www.wikidata.org/entity/Q5146744,College of Lake County,11854,,
http://www.wikidata.org/entity/Q5105527,Chowan University,1100,,
http://www.wikidata.org/entity/Q7001944,Neumann University,2506,,
http://www.wikidata.org/entity/Q7054767,North Central University,1062,,
http://www.wikidata.org/entity/Q6979247,National University of Health Sciences,529,,
http://www.wikidata.org/entity/Q6984798,Nebraska Wesleyan University,1924,,
http://www.wikidata.org/entity/Q6983313,Назаретский университет,2523,,
http://www.wikidata.org/entity/Q6983313,Назаретский университет,2791,,
http://www.wikidata.org/entity/Q7010189,New Mexico Highlands University,2777,,
http://www.wikidata.org/entity/Q7010288,New Mexico State University Alamogordo,941,,
http://www.wikidata.org/entity/Q7010292,New Mexico State University Carlsbad,1203,,
http://www.wikidata.org/entity/Q7011241,New River Community and Technical College,1053,,
http://www.wikidata.org/entity/Q7035695,Высшее военно-морское училище имени Николы Вапцарова,2550,,
http://www.wikidata.org/entity/Q7053745,North American University,785,,
http://www.wikidata.org/entity/Q7054751,North Central Missouri College,1591,,
http://www.wikidata.org/entity/Q7055057,North Dakota State College of Science,2829,,
http://www.wikidata.org/entity/Q7055505,North Greenville University,2280,,
http://www.wikidata.org/entity/Q7057949,Northeast Ohio Medical University,985,,
http://www.wikidata.org/entity/Q7057949,Northeast Ohio Medical University,1011,,
http://www.wikidata.org/entity/Q7057736,Northcentral University,12471,,
http://www.wikidata.org/entity/Q7057999,Northeast Wisconsin Technical College,10763,,
http://www.wikidata.org/entity/Q7018497,Newman University,2053,,
http://www.wikidata.org/entity/Q6651407,Little Priest Tribal College,113,,
http://www.wikidata.org/entity/Q6682269,Los Angeles Mission College,9451,,
http://www.wikidata.org/entity/Q6687296,Украинский государственный университет железнодорожного транспорта,8000,,
http://www.wikidata.org/entity/Q6689310,Louisiana State University at Eunice,3142,,
http://www.wikidata.org/entity/Q6689312,Louisiana State University Shreveport,9955,,
http://www.wikidata.org/entity/Q6695115,Lubbock Christian University,1664,,
http://www.wikidata.org/entity/Q6704331,Lunghwa University of Science and Technology,8747,,
http://www.wikidata.org/entity/Q6705628,Luther Rice University,693,,
http://www.wikidata.org/entity/Q6728390,Madonna University,2792,,
http://www.wikidata.org/entity/Q6738871,Make-up Designory,119,,
http://www.wikidata.org/entity/Q6733411,Махаришский университет менеджмента,2015,,
http://www.wikidata.org/entity/Q1552010,Университет Луизианы в Монро,8140,,
http://www.wikidata.org/entity/Q1552113,Университет Западного Коннектикута,5246,,
http://www.wikidata.org/entity/Q1563835,American Jewish University,93,,
http://www.wikidata.org/entity/Q1563992,Калифорнийский баптистский университет,11317,,
http://www.wikidata.org/entity/Q1563992,Калифорнийский баптистский университет,11344,,
http://www.wikidata.org/entity/Q1565621,Alaska Pacific University,493,,
http://www.wikidata.org/entity/Q1566138,University of Tennessee at Martin,7117,,
http://www.wikidata.org/entity/Q1568237,Национальный университет,18070,,
http://www.wikidata.org/entity/Q1570483,Университет Свазиленда,5620,,
http://www.wikidata.org/entity/Q1571390,Арканзасский университет в Монтиселло,2645,,
http://www.wikidata.org/entity/Q1578569,University of Tuzla,16500,,
http://www.wikidata.org/entity/Q1579397,Бандунгский технологический институт,23848,,
http://www.wikidata.org/entity/Q1584459,University of Technology,12000,,
http://www.wikidata.org/entity/Q1588869,Университет Лубумбаши,33000,,
http://www.wikidata.org/entity/Q1591615,Hawaii Pacific University,4243,,
http://www.wikidata.org/entity/Q1591654,Lake Superior State University,1909,,
http://www.wikidata.org/entity/Q1610024,Университет Хериота-Уатта,29000,,
http://www.wikidata.org/entity/Q1622134,Hebei North University,15000,,
http://www.wikidata.org/entity/Q1624003,Seeburg Castle University,750,,
http://www.wikidata.org/entity/Q1626754,ISM University of Management and Economics,1800,,
http://www.wikidata.org/entity/Q1629024,Nara University of Education,1245,,
http://www.wikidata.org/entity/Q1628728,Санкт-Петербургский государственный архитектурно-строительный университет,11000,,
http://www.wikidata.org/entity/Q1628751,Санкт-Петербургский государственный университет аэрокосмического приборостроения,13500,,
http://www.wikidata.org/entity/Q1629255,Великотырновский университет,18000,,
http://www.wikidata.org/entity/Q1634051,Национальный университет Трухильо,19000,,
http://www.wikidata.org/entity/Q1639978,Сучжоуский университет,48901,,
http://www.wikidata.org/entity/Q1640731,Каталонский политехнический университет,29812,,
http://www.wikidata.org/entity/Q1641504,Университет Палермо,50818,,
http://www.wikidata.org/entity/Q1642969,International Balkan University,500,,
http://www.wikidata.org/entity/Q1661325,Пенсильванский университет (Индиана),7290,,
http://www.wikidata.org/entity/Q1661325,Пенсильванский университет (Индиана),10037,,
http://www.wikidata.org/entity/Q1669453,St. Ambrose University,2703,,
http://www.wikidata.org/entity/Q1669453,St. Ambrose University,3003,,
http://www.wikidata.org/entity/Q1604967,Университет Хендерсона,3163,,
http://www.wikidata.org/entity/Q1671056,Бютцовский университет,779,,
http://www.wikidata.org/entity/Q10387830,Федеральный университет Эспириту-Санту,23744,,
http://www.wikidata.org/entity/Q7707466,Texas A&M International University,8525,,
http://www.wikidata.org/entity/Q7707478,Техасский университет A&M в Кингсвилле,6932,,
http://www.wikidata.org/entity/Q7708149,Texas Tech University Health Sciences Center El Paso,775,,
http://www.wikidata.org/entity/Q7708205,Texas Wesleyan University,2197,,
http://www.wikidata.org/entity/Q7727993,The Creative Circus,178,,
http://www.wikidata.org/entity/Q7742178,The Institute for Clinical Social Work,128,,
http://www.wikidata.org/entity/Q7690168,Университет Тейлор,2110,,
http://www.wikidata.org/entity/Q6744514,Malone University,1463,,
http://www.wikidata.org/entity/Q6751699,Commonwealth University-Mansfield,1784,,
http://www.wikidata.org/entity/Q6761997,Marian University,1593,,
http://www.wikidata.org/entity/Q6761994,Marian University,3706,,
http://www.wikidata.org/entity/Q6776789,Martin University,220,,
http://www.wikidata.org/entity/Q6781819,Marywood University,2613,,
http://www.wikidata.org/entity/Q6781811,Maryville University,6303,,
http://www.wikidata.org/entity/Q6781811,Maryville University,10979,,
http://www.wikidata.org/entity/Q6784362,William James College,805,,
http://www.wikidata.org/entity/Q6788232,Matsuyama Shinonome College,404,,
http://www.wikidata.org/entity/Q6797991,Maysville Community and Technical College,3446,,
http://www.wikidata.org/entity/Q6802425,Университет Макмерри,1094,,
http://www.wikidata.org/entity/Q6818830,Mercyhurst University,2790,,
http://www.wikidata.org/entity/Q6823850,Methodist University,595,,
http://www.wikidata.org/entity/Q6823850,Methodist University,1773,,
http://www.wikidata.org/entity/Q6761106,Maria College,864,,
http://www.wikidata.org/entity/Q6806451,Medical University of South Carolina,3083,,
http://www.wikidata.org/entity/Q6747552,Manchester University,1449,,
http://www.wikidata.org/entity/Q7059512,Northland Community & Technical College,2962,,
http://www.wikidata.org/entity/Q7060132,Northwest Nazarene University,2109,,
http://www.wikidata.org/entity/Q7060212,Northwest Technical College,825,,
http://www.wikidata.org/entity/Q7060311,Northwestern Health Sciences University,1132,,
http://www.wikidata.org/entity/Q7060359,Northwestern Oklahoma State University,1833,,
http://www.wikidata.org/entity/Q7060296,University of Northwestern – St. Paul,3506,,
http://www.wikidata.org/entity/Q7060123,Северо-западный государственный университет Миссури,7267,,
http://www.wikidata.org/entity/Q7063485,Notre Dame de Namur University,585,,
http://www.wikidata.org/entity/Q7063504,Университет Нотр-Дам Мэриленда,1836,,
http://www.wikidata.org/entity/Q7063504,Университет Нотр-Дам Мэриленда,2233,,
http://www.wikidata.org/entity/Q7063504,Университет Нотр-Дам Мэриленда,6537,,
http://www.wikidata.org/entity/Q7073984,Oakland City University,1241,,
http://www.wikidata.org/entity/Q7076613,Oconee Fall Line Technical College,1835,,
http://www.wikidata.org/entity/Q7080767,Ohio Christian University,2186,,
http://www.wikidata.org/entity/Q7080808,Ohio Dominican University,1415,,
http://www.wikidata.org/entity/Q7080960,"Ohio State University, Lima Campus",998,,
http://www.wikidata.org/entity/Q7081021,Ohio Valley University,273,,
http://www.wikidata.org/entity/Q7082127,Oklahoma Christian University,2055,,
http://www.wikidata.org/entity/Q7082284,Oklahoma Panhandle State University,1337,,
http://www.wikidata.org/entity/Q7082388,Oklahoma State University–Oklahoma City,4949,,
http://www.wikidata.org/entity/Q7088000,Olivet Nazarene University,2540,,
http://www.wikidata.org/entity/Q7088000,Olivet Nazarene University,3764,,
http://www.wikidata.org/entity/Q7101141,Oregon College of Oriental Medicine,236,,
http://www.wikidata.org/entity/Q7105553,Osaka Dental University,1178,,
http://www.wikidata.org/entity/Q7060260,Northwest University,1184,,
http://www.wikidata.org/entity/Q13018775,Dhonburi Rajabhat University,11970,,
http://www.wikidata.org/entity/Q12809694,Giresun University,25901,,
http://www.wikidata.org/entity/Q12837257,Бакинский Университет Бизнеса,3750,,
http://www.wikidata.org/entity/Q10709746,Университет Северной Каролины в Пемброке,8262,,
http://www.wikidata.org/entity/Q10739157,National Changhua University of Education,7162,,
http://www.wikidata.org/entity/Q7792539,Thomas More University,2037,,
http://www.wikidata.org/entity/Q7794632,Thomas University,1303,,
http://www.wikidata.org/entity/Q7813780,Shunan University,1165,,
http://www.wikidata.org/entity/Q7814016,Tokyo University of Information Sciences,2186,,
http://www.wikidata.org/entity/Q7813855,Tokyo City University,7543,,
http://www.wikidata.org/entity/Q7842344,Trine University,3573,,
http://www.wikidata.org/entity/Q7847734,Truman State University,4655,,
http://www.wikidata.org/entity/Q6924393,Назаретский университет Маунт-Вернон,2140,,
http://www.wikidata.org/entity/Q6827343,Miami International University of Art & Design,934,,
http://www.wikidata.org/entity/Q6827457,Miami University Middletown,1640,,
http://www.wikidata.org/entity/Q6840815,Mid-State Technical College,2648,,
http://www.wikidata.org/entity/Q6840874,MidAmerica Nazarene University,1636,,
http://www.wikidata.org/entity/Q6841624,Middle Tennessee School of Anesthesia,229,,
http://www.wikidata.org/entity/Q6842319,Midland College,4737,,
http://www.wikidata.org/entity/Q6842463,Midland University,1765,,
http://www.wikidata.org/entity/Q6843458,Midwestern Baptist Theological Seminary,3432,,
http://www.wikidata.org/entity/Q6850968,Mildred Elley,466,,
http://www.wikidata.org/entity/Q6859396,Millersville University of Pennsylvania,8500,,
http://www.wikidata.org/entity/Q6859396,Millersville University of Pennsylvania,5809,,
http://www.wikidata.org/entity/Q6861698,Milwaukee Career College,231,,
http://www.wikidata.org/entity/Q6864512,университет Минервы,1000,,
http://www.wikidata.org/entity/Q6868461,Minnesota State Community and Technical College,5757,,
http://www.wikidata.org/entity/Q6868559,Minnesota State University Moorhead,5547,,
http://www.wikidata.org/entity/Q6875342,Misericordia University,1855,,
http://www.wikidata.org/entity/Q6875342,Misericordia University,2374,,
http://www.wikidata.org/entity/Q6879096,Mississippi College,4667,,
http://www.wikidata.org/entity/Q6879494,Missouri Baptist University,4860,,
http://www.wikidata.org/entity/Q6879708,Южный государственный университет Миссури,5045,,
http://www.wikidata.org/entity/Q6904332,Университет штата Монтана в Биллингсе,4000,,
http://www.wikidata.org/entity/Q6904341,Технологический университет Монтаны,2339,,
http://www.wikidata.org/entity/Q6914146,State University of New York at Morrisville,2486,,
http://www.wikidata.org/entity/Q6922044,Mount Mary University,1200,,
http://www.wikidata.org/entity/Q6922161,Mount Mercy University,1351,,
http://www.wikidata.org/entity/Q6922161,Mount Mercy University,1705,,
http://www.wikidata.org/entity/Q6843477,Midwestern University,2980,,
http://www.wikidata.org/entity/Q7865512,UPMC Shadyside School of Nursing,336,,
http://www.wikidata.org/entity/Q7878521,Украинский государственный университет финансов и международной торговли,2228,,
http://www.wikidata.org/entity/Q7885779,Объединённый институт и университет,809,,
http://www.wikidata.org/entity/Q7886376,Union University,3071,,
http://www.wikidata.org/entity/Q7109265,Оттавский университет (Канзас),797,,
http://www.wikidata.org/entity/Q7109428,Оттербейнский университет,2652,,
http://www.wikidata.org/entity/Q7110141,Баптистский университет Уошито,1704,,
http://www.wikidata.org/entity/Q7111021,Университет Пресвятой Девы Озёрной,2771,,
http://www.wikidata.org/entity/Q7114753,Owensboro Community and Technical College,3901,,
http://www.wikidata.org/entity/Q7122600,Pacific Oaks College,1238,,
http://www.wikidata.org/entity/Q7127976,Palm Beach Atlantic University,3004,,
http://www.wikidata.org/entity/Q7127976,Palm Beach Atlantic University,3704,,
http://www.wikidata.org/entity/Q7131449,Panola College,2513,,
http://www.wikidata.org/entity/Q7138388,Parker University,1697,,
http://www.wikidata.org/entity/Q7161124,Universidade de Passo Fundo,22500,,
http://www.wikidata.org/entity/Q7162219,Penang Free School,914,,
http://www.wikidata.org/entity/Q7164705,Pensacola State College,9226,,
http://www.wikidata.org/entity/Q7199302,Pittsburgh Institute of Mortuary Science,191,,
http://www.wikidata.org/entity/Q7199301,Pittsburgh Institute of Aeronautics,567,,
http://www.wikidata.org/entity/Q7203590,Plaza College,914,,
http://www.wikidata.org/entity/Q7205171,Пловдивский университет,18000,,
http://www.wikidata.org/entity/Q13054964,Ванадзорский государственный университет,1668,,
http://www.wikidata.org/entity/Q14708361,Mayville State University,1168,,
http://www.wikidata.org/entity/Q14708393,Университет Марии,3400,,
http://www.wikidata.org/entity/Q14708393,Университет Марии,3799,,
http://www.wikidata.org/entity/Q14712798,Marymount University,3013,,
http://www.wikidata.org/entity/Q14712798,Marymount University,3294,,
http://www.wikidata.org/entity/Q13419624,Тюменский государственный университет,27000,,
http://www.wikidata.org/entity/Q13527017,Приштинский университет,9740,,
http://www.wikidata.org/entity/Q13572981,University of South Alabama,4581,,
http://www.wikidata.org/entity/Q13572981,University of South Alabama,10988,,
http://www.wikidata.org/entity/Q13572981,University of South Alabama,12263,,
http://www.wikidata.org/entity/Q13572981,University of South Alabama,13992,,
http://www.wikidata.org/entity/Q13572981,University of South Alabama,15569,,
http://www.wikidata.org/entity/Q13572981,University of South Alabama,16055,,
http://www.wikidata.org/entity/Q13577806,Vanung University,5459,,
http://www.wikidata.org/entity/Q13582663,Rogers State University,3400,,
http://www.wikidata.org/entity/Q13634567,Louisiana State University of Alexandria,3706,,
http://www.wikidata.org/entity/Q14438080,Westfield State University,5395,,
http://www.wikidata.org/entity/Q14469027,MacKay Medical University,777,,
http://www.wikidata.org/entity/Q10854154,Восточный университет Нью-Мексико,5266,,
http://www.wikidata.org/entity/Q10857990,Университет Джона Ф. Кеннеди,1600,,
http://www.wikidata.org/entity/Q10888084,Hsiuping University of Science and Technology,2556,,
http://www.wikidata.org/entity/Q10889350,Overseas Chinese University,5325,,
http://www.wikidata.org/entity/Q10889598,Yuanpei University of Medical Technology,3384,,
http://www.wikidata.org/entity/Q10927040,National Ilan University,5024,,
http://www.wikidata.org/entity/Q10927180,National Tainan Institute of Nursing,1942,,
http://www.wikidata.org/entity/Q10927172,National Taipei University of Nursing and Health Science,4384,,
http://www.wikidata.org/entity/Q10927184,National Taitung University,4104,,
http://www.wikidata.org/entity/Q10927278,National Yunlin University of Science and Technology,8985,,
http://www.wikidata.org/entity/Q10927241,Национальный Тайский колледж исполнительских искусств,516,,
http://www.wikidata.org/entity/Q10927162,Тайчжунский национальный университет науки и технологии,10992,,
http://www.wikidata.org/entity/Q10937802,Minth University of Science and Technology,462,,
http://www.wikidata.org/entity/Q10940196,Тяньцзиньский педагогический университет,21876,,
http://www.wikidata.org/entity/Q10943718,Университет Верхнего Висконсина,2560,,
http://www.wikidata.org/entity/Q7894418,National University,6495,,
http://www.wikidata.org/entity/Q7894360,Catholic University of Petropolis,5990,,
http://www.wikidata.org/entity/Q7894358,Universidade Da Paz,8779,,
http://www.wikidata.org/entity/Q7894410,University of Vale do Rio dos Sinos,23988,,
http://www.wikidata.org/entity/Q7894421,Открытый университет Индонезии,1045665,,
http://www.wikidata.org/entity/Q7895055,"Университет архитектуры, гражданского строительства и геодезии",3000,,
http://www.wikidata.org/entity/Q6933777,Mulawarman University,35268,,
http://www.wikidata.org/entity/Q6942807,Muskingum University,1763,,
http://www.wikidata.org/entity/Q6942807,Muskingum University,2231,,
http://www.wikidata.org/entity/Q6971460,National Chiayi University,8745,,
http://www.wikidata.org/entity/Q6970347,Национальный американский университет,1440,,
http://www.wikidata.org/entity/Q6973910,National Kaohsiung University of Hospitality and Tourism,3446,,
http://www.wikidata.org/entity/Q6974219,National Louis University,5239,,
http://www.wikidata.org/entity/Q6974219,National Louis University,7402,,
http://www.wikidata.org/entity/Q6974729,National Paralegal College,693,,
http://www.wikidata.org/entity/Q6974858,National Penghu University of Science and Technology,2646,,
http://www.wikidata.org/entity/Q6974928,National Pingtung University of Science and Technology,9031,,
http://www.wikidata.org/entity/Q7252506,Providence University,11372,,
http://www.wikidata.org/entity/Q7270829,Queens University of Charlotte,1668,,
http://www.wikidata.org/entity/Q7270829,Queens University of Charlotte,2338,,
http://www.wikidata.org/entity/Q7205857,Plymouth State University,4491,,
http://www.wikidata.org/entity/Q7208069,Point Loma Nazarene University,4616,,
http://www.wikidata.org/entity/Q7208107,Университет Пойнт Парк,3591,,
http://www.wikidata.org/entity/Q7895554,University of Indianapolis,4730,,
http://www.wikidata.org/entity/Q7895554,University of Indianapolis,5638,,
http://www.wikidata.org/entity/Q7895145,University of Bunda Mulia,8747,,
http://www.wikidata.org/entity/Q7895472,University of Providence,1005,,
http://www.wikidata.org/entity/Q7895546,University of Ilorin,50000,,
http://www.wikidata.org/entity/Q7895252,Университет Центрального Миссури,9959,,
http://www.wikidata.org/entity/Q7895510,Хьюстонский университет в Виктории,4922,,
http://www.wikidata.org/entity/Q7895505,Хьюстонский университет в Клир-Лейк,9053,,
http://www.wikidata.org/entity/Q7895509,Университет Хьюстон-Даунтаун,15239,,
http://www.wikidata.org/entity/Q15008084,Национальный университет «Полтавская политехника имени Юрия Кондратюка»,12000,,
http://www.wikidata.org/entity/Q15261242,Slemani Polytechnic University,13500,,
http://www.wikidata.org/entity/Q15279421,Медицинский университет Тираны,7500,,
http://www.wikidata.org/entity/Q15850436,Thames Valley University,52890,,
http://www.wikidata.org/entity/Q15900615,National Pingtung University,7496,,
http://www.wikidata.org/entity/Q11053261,Kun Shan University,6702,,
http://www.wikidata.org/entity/Q11063787,University of Kang Ning,2820,,
http://www.wikidata.org/entity/Q11066366,Hungkuang University,8158,,
http://www.wikidata.org/entity/Q11065261,Технологический университет Чиенкуо,2820,,
http://www.wikidata.org/entity/Q11065261,Технологический университет Чиенкуо,9210,,
http://www.wikidata.org/entity/Q11074044,Tzu Chi College of Technology,2844,,
http://www.wikidata.org/entity/Q11087869,Ming Chi University of Technology,4124,,
http://www.wikidata.org/entity/Q11090053,Jinwen University of Science and Technology,4235,,
http://www.wikidata.org/entity/Q11103146,Tungnan University,3776,,
http://www.wikidata.org/entity/Q11194540,Национальный университет Дун-Ва,9742,,
http://www.wikidata.org/entity/Q11283766,New Orleans Baptist Theological Seminary,2293,,
http://www.wikidata.org/entity/Q11287623,Indiana University Kokomo,3227,,
http://www.wikidata.org/entity/Q11347596,Frederick S. Pardee RAND Graduate School,123,,
http://www.wikidata.org/entity/Q7272195,Quincy University,1273,,
http://www.wikidata.org/entity/Q7304449,Red Lake Nation College,106,,
http://www.wikidata.org/entity/Q7306738,Reedley College,6796,,
http://www.wikidata.org/entity/Q7310359,Reinhardt University,1399,,
http://www.wikidata.org/entity/Q7329259,Университет Стоктона,9893,,
http://www.wikidata.org/entity/Q7338849,Rivier University,1689,,
http://www.wikidata.org/entity/Q7338849,Rivier University,2178,,
http://www.wikidata.org/entity/Q7347821,Robert Morris University,3114,,
http://www.wikidata.org/entity/Q7347821,Robert Morris University,4134,,
http://www.wikidata.org/entity/Q7355942,Rocky Mountain University of Health Professions,1193,,
http://www.wikidata.org/entity/Q7367225,Rosalind Franklin University of Medicine and Science,2099,,
http://www.wikidata.org/entity/Q7368264,Roseman University of Health Sciences,1554,,
http://www.wikidata.org/entity/Q18351500,Университет Инха,700,,
http://www.wikidata.org/entity/Q18399739,Самаркандский государственный медицинский университет,8300,,
http://www.wikidata.org/entity/Q7895657,University of Maine at Machias,762,,
http://www.wikidata.org/entity/Q7895658,University of Maine at Presque Isle,1467,,
http://www.wikidata.org/entity/Q7895655,University of Maine at Fort Kent,1624,,
http://www.wikidata.org/entity/Q7895656,University of Maine at Farmington,1862,,
http://www.wikidata.org/entity/Q7895654,University of Maine at Augusta,4202,,
http://www.wikidata.org/entity/Q7895907,University of New Hampshire at Manchester,717,,
http://www.wikidata.org/entity/Q7895938,University of North Carolina School of the Arts,1070,,
http://www.wikidata.org/entity/Q7895938,University of North Carolina School of the Arts,1361,,
http://www.wikidata.org/entity/Q7895785,University of Michigan–Flint,6829,,
http://www.wikidata.org/entity/Q7895782,University of Michigan–Dearborn,8783,,
http://www.wikidata.org/entity/Q7895890,University of Nebraska at Kearney,6225,,
http://www.wikidata.org/entity/Q7895983,University of North Texas at Dallas,3774,,
http://www.wikidata.org/entity/Q7895970,University of North Georgia,19748,,
http://www.wikidata.org/entity/Q7895720,University of Mataram,31654,,
http://www.wikidata.org/entity/Q7896000,University of Nusa Cendana,32894,,
http://www.wikidata.org/entity/Q7896145,University of Pittsburgh at Bradford,1117,,
http://www.wikidata.org/entity/Q7896148,University of Pittsburgh at Johnstown,2356,,
http://www.wikidata.org/entity/Q7896225,University of Saint Mary,1229,,
http://www.wikidata.org/entity/Q7896071,University of Pattimura,18064,,
http://www.wikidata.org/entity/Q7896055,University of Palangka Raya,18872,,
http://www.wikidata.org/entity/Q11509188,Japanese Red Cross Tohoku College of Nursing,500,,
http://www.wikidata.org/entity/Q11524729,Токийский женский медицинский университет,1436,,
http://www.wikidata.org/entity/Q11561246,Seisen University,1906,,
http://www.wikidata.org/entity/Q11608853,Meiho University,3659,,
http://www.wikidata.org/entity/Q11613368,CTBC Business School,883,,
http://www.wikidata.org/entity/Q11620058,Hwa Hsia Institute of Technology,1645,,
http://www.wikidata.org/entity/Q11631891,Suwa University of Science,1342,,
http://www.wikidata.org/entity/Q11637637,Fooyin University,7651,,
http://www.wikidata.org/entity/Q7404130,Salem University,1008,,
http://www.wikidata.org/entity/Q7401271,Saint Francis University,1948,,
http://www.wikidata.org/entity/Q7401271,Saint Francis University,2769,,
http://www.wikidata.org/entity/Q7401824,Saint Mary's College,1581,,
http://www.wikidata.org/entity/Q7382780,Rutgers University–Newark,13231,,
http://www.wikidata.org/entity/Q7392824,Берлинский университет прикладных наук «SRH»,518,,
http://www.wikidata.org/entity/Q7399281,Saginaw Valley State University,6558,,
http://www.wikidata.org/entity/Q7399281,Saginaw Valley State University,8028,,
http://www.wikidata.org/entity/Q7400981,Saint Anthony College of Nursing,291,,
http://www.wikidata.org/entity/Q7401787,Saint Martin's University,1638,,
http://www.wikidata.org/entity/Q7404818,Солсберийский университет,6936,,
http://www.wikidata.org/entity/Q7404818,Солсберийский университет,8124,,
http://www.wikidata.org/entity/Q7406311,Salus University,1280,,
http://www.wikidata.org/entity/Q7406311,Salus University,1202,,
http://www.wikidata.org/entity/Q7412178,Samuel Merritt University,2050,,
http://www.wikidata.org/entity/Q19372218,Campus Helgeland,620,,
http://www.wikidata.org/entity/Q18636195,Mitchell Technical College,1162,,
http://www.wikidata.org/entity/Q18706097,University of Antelope Valley,731,,
http://www.wikidata.org/entity/Q18706109,Lemoore College,3932,,
http://www.wikidata.org/entity/Q18749126,Ohio Technical College,426,,
http://www.wikidata.org/entity/Q18786156,Университет Иннополис,639,,
http://www.wikidata.org/entity/Q18786156,Университет Иннополис,823,,
http://www.wikidata.org/entity/Q18786156,Университет Иннополис,1086,,
http://www.wikidata.org/entity/Q11884307,Государственный Университет Николлс,6769,,
http://www.wikidata.org/entity/Q11959672,Aurora University,6265,,
http://www.wikidata.org/entity/Q11991254,New Jersey City University,7550,,
http://www.wikidata.org/entity/Q12002144,Southern University at New Orleans,2264,,
http://www.wikidata.org/entity/Q12010517,Вентворс Технологический Институт,3935,,
http://www.wikidata.org/entity/Q12010517,Вентворс Технологический Институт,4389,,
http://www.wikidata.org/entity/Q12060891,Johnson University,1039,,
http://www.wikidata.org/entity/Q12061082,Lakeshore Technical College,2420,,
http://www.wikidata.org/entity/Q12061548,McKendree University,2200,,
http://www.wikidata.org/entity/Q12085525,Буковинский университет,2500,,
http://www.wikidata.org/entity/Q12102466,Дрогобычский государственный педагогический университет имени Ивана Франко,5000,,
http://www.wikidata.org/entity/Q12110285,Kyiv University of Management and Entrepreneurship,2000,,
http://www.wikidata.org/entity/Q12110286,Киевский столичный университет имени Бориса Гринченко,9000,,
http://www.wikidata.org/entity/Q12130717,Мукачевский государственный университет,5300,,
http://www.wikidata.org/entity/Q12132952,Национальный университет физического воспитания и спорта Украины,3000,,
http://www.wikidata.org/entity/Q12132954,Национальный фармацевтический университет,17500,,
http://www.wikidata.org/entity/Q12141542,Подольский государственный аграрно-технический университет,3468,,
http://www.wikidata.org/entity/Q11979088,Johnson C. Smith University,1306,,
http://www.wikidata.org/entity/Q11644486,Hsing Wu University,5561,,
http://www.wikidata.org/entity/Q11646631,Kinjo Gakuin University,5037,,
http://www.wikidata.org/entity/Q11655183,Kainan University,3477,,
http://www.wikidata.org/entity/Q11672753,Университет Као Юань,1230,,
http://www.wikidata.org/entity/Q11714526,Ивано-Франковский национальный технический университет нефти и газа,10000,,
http://www.wikidata.org/entity/Q7896279,University of Science and Arts of Oklahoma,733,,
http://www.wikidata.org/entity/Q7896318,University of South Carolina Beaufort,2006,,
http://www.wikidata.org/entity/Q7896316,University of South Carolina Aiken,3944,,
http://www.wikidata.org/entity/Q7896465,University of Timbuktu,25000,,
http://www.wikidata.org/entity/Q7896272,University of Sarjanawiyata Tamansiswa in Yogyakarta,7419,,
http://www.wikidata.org/entity/Q7896603,University of West Los Angeles,229,,
http://www.wikidata.org/entity/Q7896638,University of Wisconsin–Platteville Baraboo Sauk County,216,,
http://www.wikidata.org/entity/Q7896650,University of Wisconsin–Madison School of Journalism & Mass Communication,600,,
http://www.wikidata.org/entity/Q7896612,University of Western States,1195,,
http://www.wikidata.org/entity/Q7896677,University of Zakho,2600,,
http://www.wikidata.org/entity/Q7896711,University of the Ozarks,779,,
http://www.wikidata.org/entity/Q7896711,University of the Ozarks,836,,
http://www.wikidata.org/entity/Q7896781,University of the West,238,,
http://www.wikidata.org/entity/Q7896772,University of the Southwest,904,,
http://www.wikidata.org/entity/Q7898705,Университет Верхней Айовы,3610,,
http://www.wikidata.org/entity/Q16307033,Bansomdejchaopraya Rajabhat University,16712,,
http://www.wikidata.org/entity/Q19705472,Горисский государственный университет,2000,,
http://www.wikidata.org/entity/Q7427891,Savannah Technical College,3649,,
http://www.wikidata.org/entity/Q7429134,Saybrook University,785,,
http://www.wikidata.org/entity/Q7432878,Schreiner University,1244,,
http://www.wikidata.org/entity/Q7442115,Seattle Institute of Oriental Medicine,31,,
http://www.wikidata.org/entity/Q7452397,Sepuluh Nopember Institute of Technology,17625,,
http://www.wikidata.org/entity/Q7458159,Южный университет,1800,,
http://www.wikidata.org/entity/Q7458159,Южный университет,1791,,
http://www.wikidata.org/entity/Q7462208,Shahrekord University,6530,,
http://www.wikidata.org/entity/Q7446924,Seisen University,366,,
http://www.wikidata.org/entity/Q12204499,Chouaib Doukkali University,23209,,
http://www.wikidata.org/entity/Q16705025,Ташкентский государственный аграрный университет,14000,,
http://www.wikidata.org/entity/Q16711550,Ферганский государственный университет,10585,,
http://www.wikidata.org/entity/Q16912035,Universidade Dili,780,,
http://www.wikidata.org/entity/Q19864963,Clary Sage College,367,,
http://www.wikidata.org/entity/Q19866142,Bay Area Medical Academy,160,,
http://www.wikidata.org/entity/Q19880836,IGlobal University,254,,
http://www.wikidata.org/entity/Q7490593,Shasta College,8121,,
http://www.wikidata.org/entity/Q7494490,Shepherd University,87,,
http://www.wikidata.org/entity/Q7494490,Shepherd University,3159,,
http://www.wikidata.org/entity/Q7496457,Shih Hsin University,9644,,
http://www.wikidata.org/entity/Q7498066,Shippensburg University of Pennsylvania,4800,,
http://www.wikidata.org/entity/Q7498066,Shippensburg University of Pennsylvania,6130,,
http://www.wikidata.org/entity/Q7502154,Shorter University,1410,,
http://www.wikidata.org/entity/Q7511074,Siena Heights University,2036,,
http://www.wikidata.org/entity/Q7532066,Sitting Bull College,229,,
http://www.wikidata.org/entity/Q16951582,Университет Мерси,6812,,
http://www.wikidata.org/entity/Q16951582,Университет Мерси,9547,,
http://www.wikidata.org/entity/Q16959503,University of Advancing Technology,836,,
http://www.wikidata.org/entity/Q16975104,Ohio University Eastern Campus,1054,,
http://www.wikidata.org/entity/Q16983276,West Virginia University at Parkersburg,2624,,
http://www.wikidata.org/entity/Q16993532,Florida National University,4173,,
http://www.wikidata.org/entity/Q16994039,Georgia Highlands College,6168,,
http://www.wikidata.org/entity/Q16994044,Georgia Northwestern Technical College,6608,,
http://www.wikidata.org/entity/Q20011307,American College of the Building Arts,93,,
http://www.wikidata.org/entity/Q20096019,Христианский гуманитарно-экономический открытый университет,2023,,
http://www.wikidata.org/entity/Q20112014,Университет Юго-Восточной Норвегии,18680,,
http://www.wikidata.org/entity/Q20181523,Dohuk Polytechnic University,5040,,
http://www.wikidata.org/entity/Q12523328,Gunadarma University,41406,,
http://www.wikidata.org/entity/Q7901303,Ursuline College,1100,,
http://www.wikidata.org/entity/Q7912012,Valley City State University,1676,,
http://www.wikidata.org/entity/Q7914844,Вангардский университет Южной Калифорнии,2289,,
http://www.wikidata.org/entity/Q7921788,Vermont Technical College,1520,,
http://www.wikidata.org/entity/Q7936090,Visible School,209,,
http://www.wikidata.org/entity/Q7937045,Viterbo University,2516,,
http://www.wikidata.org/entity/Q7961486,Walden University,49695,,
http://www.wikidata.org/entity/Q7975162,Waukesha County Technical College,6952,,
http://www.wikidata.org/entity/Q7975912,Wayland Baptist University,4062,,
http://www.wikidata.org/entity/Q7976138,Wayne County Community College District,10748,,
http://www.wikidata.org/entity/Q7976817,Waynesburg University,1576,,
http://www.wikidata.org/entity/Q17012153,Navajo Technical University,1350,,
http://www.wikidata.org/entity/Q17038565,Nicolet Area Technical College,1236,,
http://www.wikidata.org/entity/Q17062157,Sonoran University of Health Sciences,509,,
http://www.wikidata.org/entity/Q7571450,Southwestern University,1491,,
http://www.wikidata.org/entity/Q7588852,St. John's University,763,,
http://www.wikidata.org/entity/Q7566851,South Coast College,254,,
http://www.wikidata.org/entity/Q7567348,South Georgia Technical College,1814,,
http://www.wikidata.org/entity/Q7568637,South Texas College,28233,,
http://www.wikidata.org/entity/Q7569355,Southeast Kentucky Community and Technical College,2505,,
http://www.wikidata.org/entity/Q7569707,Marshall B. Ketchum University,738,,
http://www.wikidata.org/entity/Q7569503,Southeastern Technical College,1792,,
http://www.wikidata.org/entity/Q7569568,Southern Adventist University,2730,,
http://www.wikidata.org/entity/Q7569568,Southern Adventist University,2967,,
http://www.wikidata.org/entity/Q7569745,Southern California University of Health Sciences,1225,,
http://www.wikidata.org/entity/Q7569505,Southeastern University,9546,,
http://www.wikidata.org/entity/Q7570171,Southern Nazarene University,2208,,
http://www.wikidata.org/entity/Q7570510,Southern States University,358,,
http://www.wikidata.org/entity/Q7570614,Southern Virginia University,1140,,
http://www.wikidata.org/entity/Q7570578,Southern University at Shreveport,3013,,
http://www.wikidata.org/entity/Q7571399,Southwestern Christian College,84,,
http://www.wikidata.org/entity/Q7571284,Southern Regional Technical College,4154,,
http://www.wikidata.org/entity/Q7571224,Юго-Западный баптистский университет,3039,,
http://www.wikidata.org/entity/Q7572993,Spalding University,1596,,
http://www.wikidata.org/entity/Q7575070,Specs Howard School of Media Arts,297,,
http://www.wikidata.org/entity/Q7587180,St. Augustine College,901,,
http://www.wikidata.org/entity/Q7588902,St. John Fisher University,3610,,
http://www.wikidata.org/entity/Q7568720,South University,818,,
http://www.wikidata.org/entity/Q8002474,Wilkes University,4781,,
http://www.wikidata.org/entity/Q8026034,Университет штата Уинстон-Салем,5169,,
http://www.wikidata.org/entity/Q7976841,Wayo Women's University,2871,,
http://www.wikidata.org/entity/Q7978660,Webb Institute,101,,
http://www.wikidata.org/entity/Q7978660,Webb Institute,105,,
http://www.wikidata.org/entity/Q7978693,Webber International University,812,,
http://www.wikidata.org/entity/Q7980543,Welch College,389,,
http://www.wikidata.org/entity/Q7985746,West Liberty University,2481,,
http://www.wikidata.org/entity/Q7986651,West Texas A&M University,10036,,
http://www.wikidata.org/entity/Q7986928,West Virginia University Institute of Technology,1645,,
http://www.wikidata.org/entity/Q7988105,Western New Mexico University,2896,,
http://www.wikidata.org/entity/Q7988102,Western New England University,3317,,
http://www.wikidata.org/entity/Q7988102,Western New England University,3673,,
http://www.wikidata.org/entity/Q7988378,Western Technical College,579,,
http://www.wikidata.org/entity/Q7988378,Western Technical College,1324,,
http://www.wikidata.org/entity/Q7988383,Western Texas College,1442,,
http://www.wikidata.org/entity/Q7996977,Whitworth University,2687,,
http://www.wikidata.org/entity/Q7996977,Whitworth University,2756,,
http://www.wikidata.org/entity/Q8006551,William Carey University,5472,,
http://www.wikidata.org/entity/Q8013573,William Jessup University,1840,,
http://www.wikidata.org/entity/Q8016704,William Peace University,830,,
http://www.wikidata.org/entity/Q8016768,Университет Уильяма Пенна,1350,,
http://www.wikidata.org/entity/Q8022152,Williston State College,959,,
http://www.wikidata.org/entity/Q8025153,Университет Вингейта,3653,,
http://www.wikidata.org/entity/Q8026588,Winthrop University,4314,,
http://www.wikidata.org/entity/Q8026588,Winthrop University,5576,,
http://www.wikidata.org/entity/Q8027229,Wisconsin Lutheran College,1035,,
http://www.wikidata.org/entity/Q8027229,Wisconsin Lutheran College,1166,,
http://www.wikidata.org/entity/Q8027270,Wisconsin School of Professional Psychology,80,,
http://www.wikidata.org/entity/Q8028571,Университет Виттенберга,1884,,
http://www.wikidata.org/entity/Q7987876,Western Governors University,129575,,
http://www.wikidata.org/entity/Q7987876,Western Governors University,147866,,
http://www.wikidata.org/entity/Q20572404,UFAZ,538,,
http://www.wikidata.org/entity/Q20709782,Purdue University Northwest,9363,,
http://www.wikidata.org/entity/Q21079372,Nord University,12000,,
http://www.wikidata.org/entity/Q8215036,Университет Новой Англии,7208,,
http://www.wikidata.org/entity/Q8045825,YARSI University,2278,,
http://www.wikidata.org/entity/Q8048276,Yanbian University of Science and Technology,1800,,
http://www.wikidata.org/entity/Q8060057,Yuan Ze University,8072,,
http://www.wikidata.org/entity/Q8066116,Zane State College,2223,,
http://www.wikidata.org/entity/Q8214783,University of La Verne,6983,,
http://www.wikidata.org/entity/Q7603620,Государственный университет штата Нью-Йорк,3135,,
http://www.wikidata.org/entity/Q7591912,St. Thomas Aquinas College,1779,,
http://www.wikidata.org/entity/Q7603621,State University of New York at Cobleskill,2500,,
http://www.wikidata.org/entity/Q7603622,State University of New York at Delhi,3077,,
http://www.wikidata.org/entity/Q7603626,State University of New York at Plattsburgh,4461,,
http://www.wikidata.org/entity/Q7603624,State University of New York at Old Westbury,5007,,
http://www.wikidata.org/entity/Q7603626,State University of New York at Plattsburgh,5109,,
http://www.wikidata.org/entity/Q7603623,State University of New York at Cortland,6128,,
http://www.wikidata.org/entity/Q7603623,State University of New York at Cortland,6832,,
http://www.wikidata.org/entity/Q7603617,State University of New York at Brockport,7592,,
http://www.wikidata.org/entity/Q7603627,State University of New York at Oswego,7636,,
http://www.wikidata.org/entity/Q7603625,Университет штата Нью-Йорк в Нью-Пальце,7489,,
http://www.wikidata.org/entity/Q7615536,Stevenson University,3492,,
http://www.wikidata.org/entity/Q7621996,Stratford University,1947,,
http://www.wikidata.org/entity/Q7622587,Университет Страйера,42975,,
http://www.wikidata.org/entity/Q7635933,Sul Ross State University,2345,,
http://www.wikidata.org/entity/Q7649352,Университет Саскуэханны,2140,,
http://www.wikidata.org/entity/Q7649352,Университет Саскуэханны,2241,,
http://www.wikidata.org/entity/Q7669834,TDDS Technical Institute,169,,
http://www.wikidata.org/entity/Q7676204,Tainan University of Technology,8490,,
http://www.wikidata.org/entity/Q7676198,Tainan National University of the Arts,1604,,
http://www.wikidata.org/entity/Q7676308,Taipei National University of the Arts,3509,,
http://www.wikidata.org/entity/Q7676802,Tajen University,2851,,
http://www.wikidata.org/entity/Q1683585,Ohio Northern University,2817,,
http://www.wikidata.org/entity/Q6975161,National Quemoy University,3315,,
http://www.wikidata.org/entity/Q6978838,National Taiwan University of Arts,3299,,
http://www.wikidata.org/entity/Q6978824,National Taipei University of Education,4904,,
http://www.wikidata.org/entity/Q6978823,National Taipei University of Business,5105,,
http://www.wikidata.org/entity/Q6978828,Тайбэйский национальный технологический университет,10608,,
http://www.wikidata.org/entity/Q6978828,Тайбэйский национальный технологический университет,13485,,
http://www.wikidata.org/entity/Q4304107,Институт тонких химических технологий имени М. В. Ломоносова,4500,,
http://www.wikidata.org/entity/Q5146880,College of the Atlantic,370,,
http://www.wikidata.org/entity/Q5148968,Colorado Technical University,28244,,
http://www.wikidata.org/entity/Q9366819,Седлецкий университет,5245,,
http://www.wikidata.org/entity/Q4304063,Московский городской педагогический университет,16000,,
http://www.wikidata.org/entity/Q4304064,Московский государственный психолого-педагогический университет,6000,,
http://www.wikidata.org/entity/Q4304073,Московский государственный гуманитарный университет имени М. А. Шолохова,36200,,
http://www.wikidata.org/entity/Q4304094,Московский государственный технологический университет «Станкин»,4000,,
http://www.wikidata.org/entity/Q4304106,Московский государственный университет технологий и управления,18000,,
http://www.wikidata.org/entity/Q4304111,"Московский государственный университет экономики, статистики и информатики",70000,,
http://www.wikidata.org/entity/Q4304100,Российский биотехнологический университет,5600,,
http://www.wikidata.org/entity/Q4304319,Московский финансово-промышленный университет «Синергия»,50000,,
http://www.wikidata.org/entity/Q4304299,МТУСИ,15000,,
http://www.wikidata.org/entity/Q4304086,Государственный университет просвещения,10876,,
http://www.wikidata.org/entity/Q4304083,Московский политехнический университет,18022,,
http://www.wikidata.org/entity/Q4314700,Нахичеванский государственный университет,6000,,
http://www.wikidata.org/entity/Q4314801,Национальная академия природоохранного и курортного строительства,7000,,
http://www.wikidata.org/entity/Q4314896,Национальная юридическая академия имени Ярослава Мудрого,23000,,
http://www.wikidata.org/entity/Q4314963,Национальный университет «Одесская юридическая академия»,17000,,
http://www.wikidata.org/entity/Q4315056,Национальный педагогический университет имени М. П. Драгоманова,20000,,
http://www.wikidata.org/entity/Q4315127,Национальный университет пищевых технологий,27517,,
http://www.wikidata.org/entity/Q4318650,Мининский университет,10500,,
http://www.wikidata.org/entity/Q4318649,Нижегородский государственный лингвистический университет им. Н. А. Добролюбова,3150,,
http://www.wikidata.org/entity/Q18210224,Shamsipour Technical College,8000,,
http://www.wikidata.org/entity/Q1678185,Университет Нджамены,6000,,
http://www.wikidata.org/entity/Q1682329,Университет Таскиги,2747,,
http://www.wikidata.org/entity/Q1695578,Salve Regina University,2676,,
http://www.wikidata.org/entity/Q1695578,Salve Regina University,2771,,
http://www.wikidata.org/entity/Q1698206,University of Montevallo,2600,,
http://www.wikidata.org/entity/Q1702480,Johnson State College,1803,,
http://www.wikidata.org/entity/Q1707347,university of Fiji,2253,,
http://www.wikidata.org/entity/Q1707084,Fiji National University,27065,,
http://www.wikidata.org/entity/Q1708709,Университет имени Йосипа Юрая Штросмайера,20000,,
http://www.wikidata.org/entity/Q1709572,Королевский университет Пномпеня,20000,,
http://www.wikidata.org/entity/Q1709596,Нью-Йоркский технологический институт,6851,,
http://www.wikidata.org/entity/Q1711141,Judson University,1231,,
http://www.wikidata.org/entity/Q1718656,Варшавский политехнический университет,27072,,
http://www.wikidata.org/entity/Q1724577,Университет Южного Арканзаса,4432,,
http://www.wikidata.org/entity/Q1725075,Норвежский университет наук о жизни,6345,,
http://www.wikidata.org/entity/Q1728622,"University of California, Merced",9018,,
http://www.wikidata.org/entity/Q1678733,Университет Фри-Стейт,37000,,
http://www.wikidata.org/entity/Q17632346,Европейский университет Лефке,3173,,
http://www.wikidata.org/entity/Q30263435,University of Fort Lauderdale,57,,
http://www.wikidata.org/entity/Q22045587,Estatal Amazonica University,5000,,
http://www.wikidata.org/entity/Q22079989,Mountain Top University,1800,,
http://www.wikidata.org/entity/Q101579967,Osaka Metropolitan University,16160,,
http://www.wikidata.org/entity/Q42417604,American Islamic College,16,,
http://www.wikidata.org/entity/Q42417643,Université de Technologie d'Haïti,3000,,
http://www.wikidata.org/entity/Q31669350,Mother Teresa University in Skopje,3500,,
http://www.wikidata.org/entity/Q31928852,Puma Rescue Center,28,,
http://www.wikidata.org/entity/Q38251806,Williamsburg Technical College,635,,
http://www.wikidata.org/entity/Q104901588,Maine College of Health Professions,216,,
http://www.wikidata.org/entity/Q105809850,National Polytechnic Institute of Clermont Auvergne,2600,,
http://www.wikidata.org/entity/Q105809850,National Polytechnic Institute of Clermont Auvergne,2824,,
http://www.wikidata.org/entity/Q25527783,Узбекский институт физической культуры,4205,,
http://www.wikidata.org/entity/Q25675944,Туркменский государственный педагогический институт имени Сейитназара Сейди,1049,,
http://www.wikidata.org/entity/Q25831351,Bethesda University,399,,
http://www.wikidata.org/entity/Q123616095,Faculty Institute of Agricultural Sciences of Yangambi,5300,,
http://www.wikidata.org/entity/Q48816231,Lincoln American University,260,,
http://www.wikidata.org/entity/Q47249304,Столичный университет Осло,20000,,
http://www.wikidata.org/entity/Q47285400,National Kaohsiung University of Science and Technology,21982,,
http://www.wikidata.org/entity/Q45397243,Jamia Al Maqar,3730,,
http://www.wikidata.org/entity/Q105809850,National Polytechnic Institute of Clermont Auvergne,2871,,
http://www.wikidata.org/entity/Q105809850,National Polytechnic Institute of Clermont Auvergne,3089,,
http://www.wikidata.org/entity/Q56118082,Southern California Institute of Technology,568,,
http://www.wikidata.org/entity/Q54958451,California University of Science and Medicine,351,,
http://www.wikidata.org/entity/Q28656901,Кабардино-Балкарский государственный аграрный университет имени В. М. Кокова,8000,,
http://www.wikidata.org/entity/Q59773310,Haynal Imre University of Health Sciences,1296,,
http://www.wikidata.org/entity/Q131290492,"Ave Maria University, Nasarawa",1300,,
http://www.wikidata.org/entity/Q131290532,"School of postgraduate studies,Nsuk",10000,,
http://www.wikidata.org/entity/Q131290619,"University of Mkar, Mkar nasarawa",284,,
http://www.wikidata.org/entity/Q131290725,"National Open University of Nigeria, Lafia",500000,,
http://www.wikidata.org/entity/Q131290945,Bingham Universitynasarawa,7000,,
http://www.wikidata.org/entity/Q131290817,"St Augustine's College, New Karu, Nasarawa State",600,,
http://www.wikidata.org/entity/Q131290918,"Institute of strategic and Development Communication, Nasarawa State University, Keffi",8750,,
http://www.wikidata.org/entity/Q131308257,Sergipe Faculty of Economics,2.475,,
http://www.wikidata.org/entity/Q109596919,Eikei University of Hiroshima,255,,
http://www.wikidata.org/entity/Q67212715,INSA Hauts-de-France,2170,,
http://www.wikidata.org/entity/Q67212715,INSA Hauts-de-France,2131,,
http://www.wikidata.org/entity/Q67212715,INSA Hauts-de-France,2145,,
http://www.wikidata.org/entity/Q132147001,Итало-Азербайджанский университет,640,,
http://www.wikidata.org/entity/Q135580139,Криворожский вечерний университет марксизма-ленинизма,2000,,
http://www.wikidata.org/entity/Q135659127,Lens University,3000,,
http://www.wikidata.org/entity/Q135914996,University of Continuing Education,77500,,
http://www.wikidata.org/entity/Q134776985,Shan Community College,1200,,
http://www.wikidata.org/entity/Q96410509,Touro University Worldwide,2131,,
http://www.wikidata.org/entity/Q137260474,Everest College,1500,,
http://www.wikidata.org/entity/Q97208050,Kocaeli Health and Technology University,5474,,
http://www.wikidata.org/entity/Q97119369,Российский исламский университет (Грозный),300,,
http://www.wikidata.org/entity/Q97179950,Professional College of Arts and Tourism,166,,
http://www.wikidata.org/entity/Q97199998,PGRI Palembang University,7616,,
http://www.wikidata.org/entity/Q7688518,Tatung Institute of Technology,224,,
http://www.wikidata.org/entity/Q7688520,Tatung University,3669,,
